Domain,Pairs,pairwise.r
faces,MZ,0.715
faces,DZ,0.684
faces,MZ,0.736
faces,DZ,0.569
faces,MZ,0.677
faces,DZ,0.665
faces,MZ,0.722
faces,MZ,0.779
faces,MZ,0.595
faces,MZ,0.756
faces,MZ,0.659
faces,MZ,0.463
faces,MZ,0.423
faces,MZ,0.699
faces,DZ,0.721
faces,MZ,0.684
faces,MZ,0.599
faces,DZ,0.595
faces,DZ,0.39
faces,MZ,0.378
faces,MZ,0.753
faces,MZ,0.552
faces,DZ,0.644
faces,DZ,0.784
faces,MZ,0.636
faces,MZ,0.571
faces,MZ,0.697
faces,MZ,0.597
faces,DZ,0.543
faces,MZ,0.541
faces,MZ,0.681
faces,MZ,0.715
faces,MZ,0.725
faces,MZ,0.789
faces,DZ,0.617
faces,MZ,0.466
faces,MZ,0.776
faces,MZ,0.431
faces,DZ,0.552
faces,MZ,0.713
faces,DZ,0.434
faces,DZ,0.72
faces,MZ,0.57
faces,MZ,0.592
faces,MZ,0.606
faces,MZ,0.637
faces,MZ,0.562
faces,DZ,0.637
faces,DZ,0.709
faces,MZ,0.8
faces,DZ,0.666
faces,DZ,0.647
faces,DZ,0.685
faces,MZ,0.613
faces,DZ,0.656
faces,DZ,0.625
faces,DZ,0.776
faces,MZ,0.497
faces,MZ,0.526
faces,MZ,0.744
faces,DZ,0.589
faces,DZ,0.675
faces,DZ,0.601
faces,MZ,0.709
faces,DZ,0.556
faces,MZ,0.738
faces,DZ,0.502
faces,MZ,0.619
faces,MZ,0.739
faces,DZ,0.606
faces,MZ,0.668
faces,MZ,0.697
faces,MZ,0.734
faces,MZ,-0.047
faces,MZ,0.643
faces,MZ,0.713
faces,MZ,0.743
faces,DZ,0.663
faces,MZ,0.556
faces,MZ,0.645
faces,MZ,0.725
faces,DZ,0.695
faces,MZ,0.468
faces,MZ,0.628
faces,MZ,0.714
faces,MZ,0.707
faces,DZ,0.598
faces,DZ,0.616
faces,MZ,0.645
faces,MZ,0.646
faces,MZ,0.513
faces,MZ,0.719
faces,MZ,0.851
faces,DZ,0.626
faces,MZ,0.617
faces,MZ,0.429
faces,DZ,0.427
faces,DZ,0.385
faces,MZ,0.613
faces,DZ,0.678
faces,MZ,0.69
faces,DZ,0.7
faces,MZ,0.719
faces,MZ,0.625
faces,MZ,0.74
faces,MZ,0.639
faces,MZ,0.697
faces,MZ,0.635
faces,MZ,0.73
faces,MZ,0.502
faces,MZ,0.592
faces,DZ,0.633
faces,MZ,0.672
faces,MZ,0.559
faces,MZ,0.489
faces,DZ,0.624
faces,MZ,0.719
faces,MZ,0.728
faces,DZ,0.55
faces,DZ,0.548
faces,DZ,0.386
faces,DZ,0.454
faces,MZ,0.464
faces,MZ,0.312
faces,MZ,0.683
faces,MZ,0.742
faces,MZ,0.569
faces,DZ,0.684
faces,MZ,0.759
faces,MZ,0.696
faces,MZ,0.722
faces,DZ,0.64
faces,MZ,0.536
faces,MZ,0.715
faces,DZ,0.66
faces,MZ,0.632
faces,MZ,0.672
faces,DZ,0.677
faces,MZ,0.718
faces,DZ,0.602
faces,MZ,0.626
faces,DZ,0.527
faces,MZ,0.683
faces,MZ,0.562
faces,MZ,0.699
faces,MZ,0.559
faces,MZ,0.473
faces,MZ,0.714
faces,MZ,0.649
faces,MZ,0.677
faces,MZ,0.77
faces,DZ,0.496
faces,DZ,0.513
faces,DZ,0.661
faces,MZ,0.694
faces,MZ,0.795
faces,MZ,0.544
faces,MZ,0.542
faces,DZ,0.651
faces,MZ,0.675
faces,MZ,0.621
faces,MZ,0.687
faces,MZ,0.601
faces,MZ,0.654
faces,MZ,0.606
faces,DZ,0.671
faces,DZ,0.571
faces,MZ,0.752
faces,MZ,0.603
faces,MZ,0.488
faces,MZ,0.564
faces,MZ,0.472
faces,DZ,0.746
faces,MZ,0.631
faces,DZ,0.573
faces,MZ,0.708
faces,MZ,0.493
faces,MZ,0.689
faces,DZ,0.554
faces,DZ,0.76
faces,DZ,0.748
faces,MZ,0.521
faces,MZ,0.67
faces,MZ,0.632
faces,DZ,0.67
faces,DZ,0.514
faces,MZ,0.418
faces,MZ,0.738
faces,DZ,0.527
faces,MZ,0.706
faces,DZ,0.671
faces,MZ,0.601
faces,MZ,0.7
faces,MZ,0.601
faces,DZ,0.684
faces,MZ,0.722
faces,MZ,0.722
faces,MZ,0.691
faces,MZ,0.665
faces,DZ,0.504
faces,MZ,0.765
faces,DZ,0.56
faces,MZ,0.74
faces,DZ,0.694
faces,DZ,0.762
faces,MZ,0.631
faces,MZ,0.65
faces,DZ,0.482
faces,MZ,0.708
faces,MZ,0.749
faces,MZ,0.645
faces,MZ,0.62
faces,MZ,0.487
faces,MZ,0.481
faces,DZ,0.596
faces,MZ,0.649
faces,DZ,0.631
faces,MZ,0.265
faces,MZ,0.493
faces,MZ,0.725
faces,MZ,0.709
faces,MZ,0.677
faces,MZ,0.694
faces,MZ,0.665
faces,DZ,0.682
faces,DZ,0.593
faces,MZ,0.53
faces,DZ,0.676
faces,MZ,0.807
faces,MZ,0.531
faces,MZ,0.631
faces,MZ,0.697
faces,MZ,0.653
faces,MZ,0.529
faces,MZ,0.65
faces,DZ,0.459
faces,MZ,0.129
faces,MZ,0.745
faces,MZ,0.648
faces,MZ,0.611
faces,DZ,0.572
faces,MZ,0.378
faces,MZ,0.595
faces,MZ,0.627
faces,DZ,0.698
faces,MZ,0.566
faces,MZ,0.886
faces,MZ,0.236
faces,MZ,0.704
faces,DZ,0.463
faces,MZ,0.68
faces,DZ,0.274
faces,DZ,0.605
faces,MZ,0.489
faces,MZ,0.725
faces,DZ,0.627
faces,MZ,0.58
faces,MZ,0.633
faces,MZ,0.491
faces,MZ,0.488
faces,MZ,0.678
faces,MZ,0.76
faces,MZ,0.369
faces,MZ,0.665
faces,DZ,0.59
faces,DZ,0.677
faces,MZ,0.66
faces,MZ,0.436
faces,MZ,0.726
faces,MZ,0.631
faces,MZ,0.639
faces,MZ,0.691
faces,DZ,0.695
faces,MZ,0.614
faces,DZ,0.606
faces,DZ,0.599
faces,DZ,0.754
faces,DZ,0.721
faces,DZ,0.619
faces,MZ,0.75
faces,DZ,0.63
faces,MZ,0.619
faces,DZ,0.541
faces,DZ,0.467
faces,MZ,0.564
faces,MZ,0.477
faces,MZ,0.699
faces,MZ,0.653
faces,MZ,0.624
faces,MZ,0.808
faces,MZ,0.641
faces,MZ,0.796
faces,MZ,0.635
faces,MZ,0.721
faces,MZ,0.666
faces,MZ,0.165
faces,MZ,0.03
faces,DZ,0.573
faces,MZ,0.726
faces,MZ,0.7
faces,MZ,0.434
faces,DZ,0.687
faces,MZ,0.745
faces,DZ,0.649
faces,MZ,0.684
faces,DZ,0.698
faces,MZ,0.487
faces,DZ,0.536
faces,MZ,0.606
faces,DZ,0.459
faces,DZ,0.8
faces,DZ,0.477
faces,MZ,0.638
faces,MZ,0.648
faces,MZ,0.607
faces,MZ,0.534
faces,MZ,0.686
faces,MZ,0.824
faces,MZ,0.652
faces,MZ,0.726
faces,MZ,0.55
faces,DZ,0.499
faces,MZ,0.552
faces,MZ,0.595
faces,MZ,0.511
faces,MZ,0.587
faces,DZ,0.529
faces,MZ,0.83
faces,MZ,0.531
faces,MZ,0.507
faces,MZ,0.617
faces,DZ,0.622
faces,MZ,0.47
faces,DZ,0.579
faces,MZ,0.641
faces,MZ,0.321
faces,MZ,0.746
faces,MZ,0.511
faces,MZ,0.494
faces,MZ,0.509
faces,MZ,0.626
faces,DZ,0.474
faces,MZ,0.642
faces,MZ,0.715
faces,MZ,0.613
faces,DZ,0.604
faces,MZ,0.746
faces,MZ,0.651
faces,DZ,0.457
faces,MZ,0.602
faces,DZ,0.662
faces,MZ,0.631
faces,DZ,0.515
faces,MZ,0.664
faces,DZ,0.624
faces,MZ,0.595
faces,MZ,0.7
faces,DZ,0.766
faces,MZ,0.57
faces,MZ,0.676
faces,DZ,0.63
faces,DZ,0.679
faces,MZ,0.48
faces,DZ,0.656
faces,MZ,0.57
faces,MZ,0.616
faces,DZ,0.674
faces,MZ,0.655
faces,DZ,0.509
faces,MZ,0.605
faces,DZ,0.498
faces,MZ,0.595
faces,MZ,0.712
faces,MZ,0.689
faces,MZ,0.652
faces,DZ,0.628
faces,DZ,0.588
faces,MZ,0.598
faces,MZ,0.415
faces,DZ,0.63
faces,DZ,0.636
faces,MZ,0.636
faces,MZ,0.641
faces,MZ,0.597
faces,MZ,0.739
faces,DZ,0.484
faces,MZ,0.697
faces,DZ,0.684
faces,MZ,0.577
faces,DZ,0.745
faces,DZ,0.543
faces,DZ,0.607
faces,MZ,0.537
faces,MZ,0.645
faces,MZ,0.521
faces,MZ,0.613
faces,MZ,0.686
faces,MZ,0.815
faces,MZ,0.679
faces,MZ,0.582
faces,MZ,0.588
faces,DZ,0.631
faces,DZ,0.493
faces,MZ,0.722
faces,MZ,0.456
faces,DZ,0.644
faces,MZ,0.645
faces,MZ,0.455
faces,MZ,0.77
faces,MZ,0.765
faces,DZ,0.603
faces,DZ,0.526
faces,DZ,0.623
faces,MZ,0.761
faces,MZ,0.717
faces,DZ,0.504
faces,MZ,0.606
faces,MZ,0.695
faces,MZ,0.778
faces,MZ,0.514
faces,MZ,0.57
faces,MZ,0.7
faces,MZ,0.676
faces,MZ,0.667
faces,DZ,0.462
faces,MZ,0.696
faces,DZ,0.655
faces,MZ,0.646
faces,DZ,0.634
faces,MZ,0.706
faces,MZ,0.624
faces,MZ,0.626
faces,MZ,0.719
faces,MZ,0.68
faces,MZ,0.736
faces,MZ,0.577
faces,MZ,0.702
faces,MZ,0.645
faces,MZ,0.663
faces,MZ,0.65
faces,DZ,0.569
faces,MZ,0.511
faces,MZ,0.641
faces,DZ,0.564
faces,MZ,0.664
faces,MZ,0.739
faces,MZ,0.667
faces,MZ,0.667
faces,MZ,0.694
faces,MZ,0.64
faces,MZ,0.67
faces,MZ,0.798
faces,MZ,0.54
faces,MZ,0.667
faces,MZ,0.645
faces,DZ,0.611
faces,DZ,0.627
faces,MZ,0.568
faces,MZ,0.614
faces,MZ,0.669
faces,MZ,0.541
faces,DZ,0.654
faces,DZ,0.598
faces,MZ,0.741
faces,MZ,0.442
faces,MZ,0.565
faces,MZ,0.501
faces,MZ,0.411
faces,MZ,0.791
faces,DZ,0.582
faces,DZ,0.657
faces,MZ,0.772
faces,MZ,0.476
faces,MZ,0.697
faces,MZ,0.591
faces,MZ,0.694
faces,DZ,0.451
faces,DZ,0.771
faces,MZ,0.706
faces,MZ,0.734
faces,MZ,0.439
faces,MZ,0.342
faces,MZ,0.678
faces,MZ,0.619
faces,MZ,0.655
faces,MZ,0.497
faces,MZ,0.661
faces,MZ,0.455
faces,MZ,0.63
faces,DZ,0.758
faces,MZ,0.574
faces,MZ,0.697
faces,MZ,0.654
faces,MZ,0.781
faces,MZ,0.681
faces,MZ,0.642
faces,DZ,0.675
faces,MZ,0.548
faces,DZ,0.674
faces,DZ,0.624
faces,MZ,0.596
faces,MZ,0.542
faces,MZ,0.491
faces,MZ,0.651
faces,DZ,0.656
faces,MZ,0.651
faces,MZ,0.514
faces,MZ,0.554
faces,MZ,0.727
faces,MZ,0.499
faces,DZ,0.673
faces,MZ,0.48
faces,MZ,0.78
faces,MZ,0.585
faces,MZ,0.669
faces,MZ,0.606
faces,MZ,0.715
faces,MZ,0.683
faces,DZ,0.701
faces,MZ,0.502
faces,MZ,0.764
faces,MZ,0.708
faces,MZ,0.575
faces,MZ,0.438
faces,DZ,0.662
faces,MZ,0.673
faces,MZ,0.576
faces,DZ,0.624
faces,DZ,0.38
faces,MZ,0.606
faces,MZ,0.62
faces,MZ,0.648
faces,MZ,0.664
faces,DZ,0.49
faces,MZ,0.804
faces,MZ,0.71
faces,DZ,0.638
faces,MZ,0.74
faces,MZ,0.669
faces,MZ,0.671
faces,MZ,0.572
faces,MZ,0.735
faces,DZ,0.675
faces,DZ,0.738
faces,MZ,0.534
faces,MZ,0.635
faces,MZ,0.543
faces,MZ,0.564
faces,MZ,0.67
faces,MZ,0.49
faces,MZ,0.65
faces,DZ,0.501
faces,MZ,0.603
faces,MZ,0.491
faces,MZ,0.584
faces,DZ,0.699
faces,MZ,0.381
faces,MZ,0.703
faces,MZ,0.582
faces,DZ,0.696
faces,MZ,0.34
faces,DZ,0.696
faces,MZ,0.644
faces,DZ,0.557
faces,MZ,0.66
faces,MZ,0.675
faces,MZ,0.629
faces,MZ,0.533
faces,DZ,0.59
faces,DZ,0.385
faces,MZ,0.686
faces,MZ,0.672
faces,DZ,0.622
faces,DZ,0.576
faces,MZ,0.663
faces,MZ,0.588
faces,MZ,0.552
faces,DZ,0.613
faces,MZ,0.625
faces,DZ,0.707
faces,DZ,0.62
faces,MZ,0.643
faces,DZ,0.68
faces,DZ,0.601
faces,DZ,0.55
faces,DZ,0.206
faces,MZ,0.624
faces,DZ,0.712
faces,MZ,0.779
faces,MZ,0.654
faces,MZ,0.543
faces,MZ,0.781
faces,DZ,0.498
faces,MZ,0.363
faces,MZ,0.796
faces,DZ,0.485
faces,MZ,0.634
faces,MZ,0.557
faces,DZ,0.823
faces,MZ,0.357
faces,MZ,0.666
faces,MZ,0.71
faces,MZ,0.69
faces,MZ,0.726
faces,MZ,0.717
faces,MZ,0.648
faces,MZ,0.589
faces,MZ,0.37
faces,MZ,0.753
faces,MZ,0.632
faces,MZ,0.743
faces,MZ,0.779
faces,DZ,0.706
faces,MZ,0.605
faces,MZ,0.632
faces,DZ,0.375
faces,MZ,0.718
faces,MZ,0.331
faces,MZ,0.709
faces,MZ,0.687
faces,DZ,0.498
faces,MZ,0.65
faces,DZ,0.556
faces,MZ,0.689
faces,MZ,0.62
faces,MZ,0.828
faces,DZ,0.531
faces,MZ,0.513
faces,DZ,0.402
faces,MZ,0.712
faces,DZ,0.334
faces,DZ,0.598
faces,MZ,0.722
faces,MZ,0.742
faces,DZ,0.679
faces,MZ,0.744
faces,DZ,0.721
faces,DZ,0.583
faces,DZ,0.71
faces,MZ,0.548
faces,MZ,0.678
faces,MZ,0.655
faces,MZ,0.491
faces,MZ,0.612
faces,MZ,0.235
faces,MZ,0.461
faces,MZ,0.573
faces,MZ,0.597
faces,MZ,0.639
faces,DZ,0.605
faces,MZ,0.76
faces,DZ,0.6
faces,MZ,0.548
faces,MZ,0.759
faces,MZ,0.418
faces,MZ,0.707
faces,MZ,0.689
faces,MZ,0.776
faces,MZ,0.769
faces,MZ,0.271
faces,MZ,0.698
faces,MZ,0.612
faces,MZ,0.493
faces,MZ,0.785
faces,MZ,0.61
faces,DZ,0.546
faces,DZ,0.23
faces,MZ,0.728
faces,DZ,0.696
faces,DZ,0.54
faces,MZ,0.576
faces,DZ,0.582
faces,MZ,0.721
faces,MZ,0.58
faces,MZ,0.82
faces,MZ,0.696
faces,MZ,0.613
faces,DZ,0.528
faces,MZ,0.706
faces,MZ,0.72
faces,MZ,0.225
faces,MZ,0.747
faces,MZ,0.572
faces,MZ,0.66
faces,MZ,0.743
faces,MZ,0.675
faces,MZ,0.399
faces,MZ,0.759
faces,MZ,0.691
faces,MZ,0.363
faces,MZ,0.666
faces,MZ,0.715
faces,DZ,0.606
faces,MZ,0.648
faces,MZ,0.663
faces,MZ,0.302
faces,MZ,0.498
faces,DZ,0.637
faces,DZ,0.511
faces,DZ,0.55
faces,DZ,0.635
faces,MZ,0.814
faces,MZ,0.762
faces,MZ,0.724
faces,MZ,0.598
faces,MZ,0.772
faces,MZ,0.695
faces,DZ,0.413
faces,MZ,0.658
faces,MZ,0.755
faces,DZ,0.631
faces,MZ,0.592
faces,MZ,0.627
faces,MZ,0.288
faces,DZ,0.605
faces,MZ,0.535
faces,MZ,0.701
faces,MZ,0.637
faces,MZ,0.705
faces,MZ,0.423
faces,MZ,0.615
faces,MZ,0.706
faces,MZ,0.491
faces,MZ,0.755
faces,MZ,0.617
faces,MZ,0.634
faces,MZ,0.336
faces,MZ,0.512
faces,MZ,0.658
faces,DZ,0.56
faces,MZ,0.692
faces,MZ,0.618
faces,MZ,0.656
faces,MZ,0.554
faces,UR,0.307
faces,UR,0.663
faces,UR,0.732
faces,UR,0.562
faces,UR,0.647
faces,UR,0.354
faces,UR,0.633
faces,UR,0.584
faces,UR,0.508
faces,UR,0.658
faces,UR,0.567
faces,UR,0.346
faces,UR,0.381
faces,UR,0.503
faces,UR,0.697
faces,UR,0.593
faces,UR,0.527
faces,UR,0.603
faces,UR,0.469
faces,UR,0.352
faces,UR,0.575
faces,UR,0.464
faces,UR,0.609
faces,UR,0.726
faces,UR,0.125
faces,UR,0.611
faces,UR,0.485
faces,UR,0.706
faces,UR,0.517
faces,UR,0.393
faces,UR,0.628
faces,UR,0.6
faces,UR,0.408
faces,UR,0.604
faces,UR,0.415
faces,UR,0.244
faces,UR,0.643
faces,UR,0.521
faces,UR,0.474
faces,UR,0.569
faces,UR,0.595
faces,UR,0.764
faces,UR,0.58
faces,UR,0.555
faces,UR,0.271
faces,UR,0.618
faces,UR,0.59
faces,UR,0.578
faces,UR,0.666
faces,UR,0.7
faces,UR,0.684
faces,UR,0.642
faces,UR,0.345
faces,UR,0.634
faces,UR,0.53
faces,UR,0.533
faces,UR,0.544
faces,UR,0.504
faces,UR,0.65
faces,UR,0.677
faces,UR,0.692
faces,UR,0.728
faces,UR,0.705
faces,UR,0.562
faces,UR,0.558
faces,UR,0.595
faces,UR,0.502
faces,UR,0.575
faces,UR,0.444
faces,UR,0.687
faces,UR,0.7
faces,UR,0.576
faces,UR,0.506
faces,UR,0.644
faces,UR,0.521
faces,UR,0.543
faces,UR,0.685
faces,UR,0.534
faces,UR,0.511
faces,UR,0.465
faces,UR,0.581
faces,UR,0.524
faces,UR,0.417
faces,UR,0.612
faces,UR,0.62
faces,UR,0.715
faces,UR,0.419
faces,UR,0.568
faces,UR,0.502
faces,UR,0.658
faces,UR,0.541
faces,UR,0.673
faces,UR,0.675
faces,UR,0.4
faces,UR,0.507
faces,UR,0.611
faces,UR,0.705
faces,UR,0.587
faces,UR,0.717
faces,UR,0.754
faces,UR,0.63
faces,UR,0.624
faces,UR,0.653
faces,UR,0.478
faces,UR,0.77
faces,UR,0.658
faces,UR,0.701
faces,UR,0.563
faces,UR,0.579
faces,UR,0.275
faces,UR,0.58
faces,UR,0.687
faces,UR,0.702
faces,UR,0.662
faces,UR,0.532
faces,UR,0.544
faces,UR,0.651
faces,UR,0.59
faces,UR,0.641
faces,UR,0.517
faces,UR,0.52
faces,UR,0.437
faces,UR,0.425
faces,UR,0.519
faces,UR,0.642
faces,UR,0.141
faces,UR,0.58
faces,UR,0.635
faces,UR,0.487
faces,UR,0.592
faces,UR,0.616
faces,UR,0.482
faces,UR,0.328
faces,UR,0.506
faces,UR,0.573
faces,UR,0.593
faces,UR,0.7
faces,UR,0.463
faces,UR,0.634
faces,UR,0.53
faces,UR,0.642
faces,UR,0.623
faces,UR,0.58
faces,UR,0.599
faces,UR,0.631
faces,UR,0.499
faces,UR,0.406
faces,UR,0.346
faces,UR,0.56
faces,UR,0.7
faces,UR,0.611
faces,UR,0.589
faces,UR,0.653
faces,UR,0.414
faces,UR,0.567
faces,UR,0.629
faces,UR,0.61
faces,UR,0.501
faces,UR,0.599
faces,UR,0.466
faces,UR,0.641
faces,UR,0.646
faces,UR,0.656
faces,UR,0.694
faces,UR,0.603
faces,UR,0.584
faces,UR,0.533
faces,UR,0.714
faces,UR,0.29
faces,UR,0.375
faces,UR,0.532
faces,UR,0.497
faces,UR,0.606
faces,UR,0.543
faces,UR,0.511
faces,UR,0.71
faces,UR,0.471
faces,UR,0.67
faces,UR,0.585
faces,UR,0.736
faces,UR,0.649
faces,UR,0.668
faces,UR,0.547
faces,UR,0.587
faces,UR,0.551
faces,UR,0.41
faces,UR,0.594
faces,UR,0.527
faces,UR,0.47
faces,UR,0.596
faces,UR,0.581
faces,UR,0.603
faces,UR,0.636
faces,UR,0.615
faces,UR,0.487
faces,UR,0.638
faces,UR,0.488
faces,UR,0.516
faces,UR,0.665
faces,UR,0.488
faces,UR,0.712
faces,UR,0.4
faces,UR,0.755
faces,UR,0.617
faces,UR,0.621
faces,UR,0.717
faces,UR,0.304
faces,UR,0.463
faces,UR,0.567
faces,UR,0.69
faces,UR,0.679
faces,UR,0.678
faces,UR,0.596
faces,UR,0.645
faces,UR,0.543
faces,UR,0.644
faces,UR,0.547
faces,UR,0.495
faces,UR,0.579
faces,UR,0.518
faces,UR,0.449
faces,UR,0.603
faces,UR,0.605
faces,UR,0.585
faces,UR,0.629
faces,UR,0.572
faces,UR,0.558
faces,UR,0.553
faces,UR,0.033
faces,UR,0.521
faces,UR,0.648
faces,UR,0.582
faces,UR,0.659
faces,UR,0.491
faces,UR,0.561
faces,UR,0.554
faces,UR,0.02
faces,UR,0.64
faces,UR,0.693
faces,UR,0.729
faces,UR,0.65
faces,UR,0.478
faces,UR,0.519
faces,UR,0.611
faces,UR,0.416
faces,UR,0.634
faces,UR,0.685
faces,UR,0.269
faces,UR,0.654
faces,UR,0.4
faces,UR,0.663
faces,UR,0.308
faces,UR,0.683
faces,UR,0.478
faces,UR,0.632
faces,UR,0.581
faces,UR,0.527
faces,UR,0.606
faces,UR,0.438
faces,UR,0.423
faces,UR,0.469
faces,UR,0.66
faces,UR,0.617
faces,UR,0.575
faces,UR,0.614
faces,UR,0.664
faces,UR,0.67
faces,UR,0.527
faces,UR,0.68
faces,UR,0.548
faces,UR,0.594
faces,UR,0.653
faces,UR,0.565
faces,UR,0.782
faces,UR,0.57
faces,UR,0.558
faces,UR,0.789
faces,UR,0.545
faces,UR,0.685
faces,UR,0.377
faces,UR,0.456
faces,UR,0.519
faces,UR,0.644
faces,UR,0.626
faces,UR,0.512
faces,UR,0.417
faces,UR,0.538
faces,UR,0.508
faces,UR,0.674
faces,UR,0.578
faces,UR,0.52
faces,UR,0.517
faces,UR,0.572
faces,UR,0.653
faces,UR,0.626
faces,UR,0.507
faces,UR,0.56
faces,UR,0.633
faces,UR,0.537
faces,UR,0.363
faces,UR,0.477
faces,UR,0.717
faces,UR,0.629
faces,UR,0.641
faces,UR,0.701
faces,UR,0.464
faces,UR,0.596
faces,UR,0.604
faces,UR,0.514
faces,UR,0.681
faces,UR,0.264
faces,UR,0.538
faces,UR,0.602
faces,UR,0.486
faces,UR,0.439
faces,UR,0.498
faces,UR,0.713
faces,UR,0.569
faces,UR,0.604
faces,UR,0.613
faces,UR,0.709
faces,UR,0.338
faces,UR,0.638
faces,UR,0.453
faces,UR,0.587
faces,UR,0.57
faces,UR,0.608
faces,UR,0.593
faces,UR,0.609
faces,UR,0.554
faces,UR,0.519
faces,UR,0.363
faces,UR,0.666
faces,UR,0.636
faces,UR,0.358
faces,UR,0.648
faces,UR,0.459
faces,UR,0.418
faces,UR,0.509
faces,UR,0.555
faces,UR,0.355
faces,UR,0.442
faces,UR,0.509
faces,UR,0.719
faces,UR,0.646
faces,UR,0.546
faces,UR,0.693
faces,UR,0.629
faces,UR,0.514
faces,UR,0.576
faces,UR,0.475
faces,UR,0.48
faces,UR,0.489
faces,UR,0.55
faces,UR,0.646
faces,UR,0.581
faces,UR,0.609
faces,UR,0.603
faces,UR,0.618
faces,UR,0.585
faces,UR,0.501
faces,UR,0.336
faces,UR,0.597
faces,UR,0.704
faces,UR,0.572
faces,UR,0.634
faces,UR,0.565
faces,UR,0.518
faces,UR,0.566
faces,UR,0.618
faces,UR,0.579
faces,UR,0.625
faces,UR,0.512
faces,UR,0.506
faces,UR,0.684
faces,UR,0.581
faces,UR,0.521
faces,UR,0.355
faces,UR,0.574
faces,UR,0.487
faces,UR,0.641
faces,UR,0.513
faces,UR,0.536
faces,UR,0.599
faces,UR,0.583
faces,UR,0.77
faces,UR,0.592
faces,UR,0.523
faces,UR,0.663
faces,UR,0.771
faces,UR,0.486
faces,UR,0.548
faces,UR,0.589
faces,UR,0.606
faces,UR,0.446
faces,UR,0.659
faces,UR,0.491
faces,UR,0.634
faces,UR,0.559
faces,UR,0.599
faces,UR,0.553
faces,UR,0.508
faces,UR,0.413
faces,UR,0.347
faces,UR,0.474
faces,UR,0.596
faces,UR,0.6
faces,UR,0.62
faces,UR,0.554
faces,UR,0.679
faces,UR,0.63
faces,UR,0.631
faces,UR,0.738
faces,UR,0.601
faces,UR,0.505
faces,UR,0.303
faces,UR,0.589
faces,UR,0.616
faces,UR,0.391
faces,UR,0.633
faces,UR,0.561
faces,UR,0.469
faces,UR,0.669
faces,UR,0.542
faces,UR,0.666
faces,UR,0.565
faces,UR,0.647
faces,UR,0.616
faces,UR,0.602
faces,UR,0.494
faces,UR,0.588
faces,UR,0.677
faces,UR,0.675
faces,UR,0.623
faces,UR,0.465
faces,UR,0.566
faces,UR,0.65
faces,UR,0.687
faces,UR,0.648
faces,UR,0.693
faces,UR,0.584
faces,UR,0.57
faces,UR,0.596
faces,UR,0.605
faces,UR,0.589
faces,UR,0.544
faces,UR,0.419
faces,UR,0.567
faces,UR,0.62
faces,UR,0.448
faces,UR,0.508
faces,UR,0.532
faces,UR,0.634
faces,UR,0.635
faces,UR,0.588
faces,UR,0.531
faces,UR,0.608
faces,UR,0.664
faces,UR,0.294
faces,UR,0.528
faces,UR,0.592
faces,UR,0.653
faces,UR,0.582
faces,UR,0.414
faces,UR,0.442
faces,UR,0.411
faces,UR,0.501
faces,UR,0.717
faces,UR,0.477
faces,UR,0.53
faces,UR,0.668
faces,UR,0.391
faces,UR,0.596
faces,UR,0.547
faces,UR,0.54
faces,UR,0.455
faces,UR,0.614
faces,UR,0.618
faces,UR,0.634
faces,UR,0.565
faces,UR,0.284
faces,UR,0.468
faces,UR,0.683
faces,UR,0.549
faces,UR,0.563
faces,UR,0.551
faces,UR,0.518
faces,UR,0.424
faces,UR,0.627
faces,UR,0.561
faces,UR,0.654
faces,UR,0.482
faces,UR,0.65
faces,UR,0.413
faces,UR,0.516
faces,UR,0.631
faces,UR,0.604
faces,UR,0.604
faces,UR,0.623
faces,UR,0.481
faces,UR,0.332
faces,UR,0.58
faces,UR,0.494
faces,UR,0.552
faces,UR,0.527
faces,UR,0.625
faces,UR,0.529
faces,UR,0.676
faces,UR,0.602
faces,UR,0.635
faces,UR,0.72
faces,UR,0.533
faces,UR,0.623
faces,UR,0.606
faces,UR,0.509
faces,UR,0.779
faces,UR,0.588
faces,UR,0.505
faces,UR,0.442
faces,UR,0.565
faces,UR,0.659
faces,UR,0.414
faces,UR,0.623
faces,UR,0.551
faces,UR,0.456
faces,UR,0.589
faces,UR,0.674
faces,UR,0.453
faces,UR,0.634
faces,UR,0.506
faces,UR,0.636
faces,UR,0.646
faces,UR,0.558
faces,UR,0.663
faces,UR,0.642
faces,UR,0.701
faces,UR,0.569
faces,UR,0.664
faces,UR,0.613
faces,UR,0.431
faces,UR,0.619
faces,UR,0.486
faces,UR,0.708
faces,UR,0.403
faces,UR,0.514
faces,UR,0.267
faces,UR,0.598
faces,UR,0.405
faces,UR,0.51
faces,UR,0.614
faces,UR,0.508
faces,UR,0.58
faces,UR,0.614
faces,UR,0.592
faces,UR,0.581
faces,UR,0.594
faces,UR,0.611
faces,UR,0.66
faces,UR,0.524
faces,UR,0.183
faces,UR,0.649
faces,UR,0.542
faces,UR,0.399
faces,UR,0.601
faces,UR,0.719
faces,UR,0.47
faces,UR,0.455
faces,UR,0.42
faces,UR,0.394
faces,UR,0.432
faces,UR,0.509
faces,UR,0.535
faces,UR,0.495
faces,UR,0.588
faces,UR,0.493
faces,UR,0.652
faces,UR,0.625
faces,UR,0.528
faces,UR,0.712
faces,UR,0.534
faces,UR,0.487
faces,UR,0.583
faces,UR,0.588
faces,UR,0.522
faces,UR,0.195
faces,UR,0.576
faces,UR,0.648
faces,UR,0.644
faces,UR,0.52
faces,UR,0.642
faces,UR,0.607
faces,UR,0.509
faces,UR,0.396
faces,UR,0.699
faces,UR,0.383
faces,UR,0.645
faces,UR,0.53
faces,UR,0.526
faces,UR,0.462
faces,UR,0.581
faces,UR,0.686
faces,UR,0.732
faces,UR,0.567
faces,UR,0.655
faces,UR,0.676
faces,UR,0.695
faces,UR,0.669
faces,UR,0.514
faces,UR,0.669
faces,UR,0.575
faces,UR,0.59
faces,UR,0.438
faces,UR,0.546
faces,UR,0.487
faces,UR,0.525
faces,UR,0.519
faces,UR,0.719
faces,UR,0.548
faces,UR,0.517
faces,UR,0.637
faces,UR,0.372
faces,UR,0.659
faces,UR,0.538
faces,UR,0.687
faces,UR,0.474
faces,UR,0.358
faces,UR,0.604
faces,UR,0.545
faces,UR,0.258
faces,UR,0.609
faces,UR,0.598
faces,UR,0.592
faces,UR,0.526
faces,UR,0.616
faces,UR,0.334
faces,UR,0.548
faces,UR,0.565
faces,UR,0.661
faces,UR,0.52
faces,UR,0.576
faces,UR,0.653
faces,UR,0.538
faces,UR,0.458
faces,UR,0.317
faces,UR,0.536
faces,UR,0.612
faces,UR,0.445
faces,UR,0.673
faces,UR,0.633
faces,UR,0.709
faces,UR,0.631
faces,UR,0.725
faces,UR,0.527
faces,UR,0.522
faces,UR,0.63
faces,UR,0.707
faces,UR,0.769
faces,UR,0.776
faces,UR,0.602
faces,UR,0.485
faces,UR,0.555
faces,UR,0.617
faces,UR,0.582
faces,UR,0.578
faces,UR,0.647
faces,UR,0.444
faces,UR,0.722
faces,UR,0.697
faces,UR,0.487
faces,UR,0.547
faces,UR,0.64
faces,UR,0.519
faces,UR,0.505
faces,UR,0.729
faces,UR,0.491
faces,UR,0.745
faces,UR,0.469
faces,UR,0.505
faces,UR,0.561
faces,UR,0.406
faces,UR,0.613
faces,UR,0.578
faces,UR,0.603
faces,UR,0.558
faces,UR,0.314
faces,UR,0.483
faces,UR,0.699
faces,UR,0.615
faces,UR,0.359
faces,UR,0.562
faces,UR,0.561
faces,UR,0.444
faces,UR,0.588
faces,UR,0.527
faces,UR,0.516
faces,UR,0.596
faces,UR,0.635
faces,UR,0.533
faces,UR,0.472
faces,UR,0.588
faces,UR,0.2
faces,UR,0.511
faces,UR,0.454
faces,UR,0.464
faces,UR,0.711
faces,UR,0.586
faces,UR,0.578
faces,UR,0.499
faces,UR,0.676
faces,UR,0.662
faces,UR,0.529
faces,UR,0.539
faces,UR,0.413
faces,UR,0.608
faces,UR,0.614
faces,UR,0.507
faces,UR,0.623
faces,UR,0.647
faces,UR,0.52
faces,UR,0.485
faces,UR,0.586
faces,UR,0.411
faces,UR,0.672
faces,UR,0.633
faces,UR,0.363
faces,UR,0.454
faces,UR,0.373
faces,UR,0.542
faces,UR,0.493
faces,UR,0.659
faces,UR,0.501
faces,UR,0.505
faces,UR,0.583
scenes,MZ,0.679
scenes,DZ,0.793
scenes,MZ,0.853
scenes,DZ,0.826
scenes,MZ,0.741
scenes,DZ,0.712
scenes,MZ,0.807
scenes,MZ,0.669
scenes,MZ,0.767
scenes,MZ,0.925
scenes,MZ,0.528
scenes,MZ,0.812
scenes,MZ,0.604
scenes,MZ,0.479
scenes,MZ,0.692
scenes,DZ,0.88
scenes,MZ,0.83
scenes,MZ,0.902
scenes,DZ,0.8
scenes,DZ,0.759
scenes,MZ,0.268
scenes,MZ,0.754
scenes,MZ,0.852
scenes,DZ,0.784
scenes,DZ,0.864
scenes,MZ,0.768
scenes,MZ,0.913
scenes,MZ,0.749
scenes,MZ,0.827
scenes,DZ,0.357
scenes,MZ,0.71
scenes,MZ,0.797
scenes,MZ,0.751
scenes,MZ,0.838
scenes,MZ,0.685
scenes,DZ,0.588
scenes,MZ,0.67
scenes,MZ,0.801
scenes,MZ,0.667
scenes,DZ,0.592
scenes,MZ,0.793
scenes,MZ,0.651
scenes,DZ,0.486
scenes,DZ,0.719
scenes,MZ,0.672
scenes,MZ,0.698
scenes,MZ,0.64
scenes,MZ,0.736
scenes,MZ,0.799
scenes,DZ,0.655
scenes,DZ,0.799
scenes,MZ,0.903
scenes,DZ,0.669
scenes,DZ,0.664
scenes,DZ,0.584
scenes,MZ,0.796
scenes,DZ,0.888
scenes,DZ,0.83
scenes,MZ,0.54
scenes,MZ,0.634
scenes,MZ,0.693
scenes,DZ,0.787
scenes,DZ,0.767
scenes,DZ,0.782
scenes,MZ,0.744
scenes,DZ,0.688
scenes,MZ,0.827
scenes,DZ,0.897
scenes,MZ,0.53
scenes,MZ,0.924
scenes,DZ,0.843
scenes,MZ,0.671
scenes,MZ,0.8
scenes,MZ,0.849
scenes,MZ,0.819
scenes,DZ,0.802
scenes,MZ,0.893
scenes,MZ,0.861
scenes,MZ,0.876
scenes,DZ,0.807
scenes,MZ,0.561
scenes,MZ,0.645
scenes,MZ,0.85
scenes,DZ,0.811
scenes,MZ,0.769
scenes,MZ,0.877
scenes,MZ,0.881
scenes,MZ,0.843
scenes,DZ,0.837
scenes,DZ,0.724
scenes,MZ,0.625
scenes,MZ,0.79
scenes,MZ,0.784
scenes,MZ,0.855
scenes,MZ,0.862
scenes,DZ,0.53
scenes,MZ,0.771
scenes,MZ,0.685
scenes,DZ,0.871
scenes,MZ,0.879
scenes,DZ,0.805
scenes,MZ,0.813
scenes,DZ,0.796
scenes,MZ,0.868
scenes,MZ,0.847
scenes,MZ,0.846
scenes,MZ,0.833
scenes,MZ,0.822
scenes,MZ,0.627
scenes,MZ,0.867
scenes,MZ,0.644
scenes,MZ,0.634
scenes,DZ,0.809
scenes,MZ,0.822
scenes,MZ,0.805
scenes,MZ,0.86
scenes,DZ,0.66
scenes,MZ,0.788
scenes,MZ,0.692
scenes,DZ,0.672
scenes,MZ,0.509
scenes,DZ,0.768
scenes,DZ,0.734
scenes,DZ,0.456
scenes,MZ,0.774
scenes,MZ,0.73
scenes,MZ,0.792
scenes,MZ,0.739
scenes,MZ,0.903
scenes,DZ,0.658
scenes,MZ,0.917
scenes,MZ,0.86
scenes,MZ,0.863
scenes,DZ,0.648
scenes,MZ,0.673
scenes,MZ,0.827
scenes,DZ,0.646
scenes,MZ,0.809
scenes,MZ,0.801
scenes,DZ,0.647
scenes,MZ,0.799
scenes,DZ,0.788
scenes,MZ,0.595
scenes,DZ,0.757
scenes,MZ,0.773
scenes,MZ,0.744
scenes,MZ,0.787
scenes,MZ,0.858
scenes,MZ,0.853
scenes,MZ,0.851
scenes,MZ,0.868
scenes,MZ,0.698
scenes,MZ,0.926
scenes,DZ,0.77
scenes,DZ,0.732
scenes,DZ,0.785
scenes,MZ,0.806
scenes,MZ,0.828
scenes,MZ,0.852
scenes,MZ,0.902
scenes,DZ,0.62
scenes,MZ,0.855
scenes,MZ,0.597
scenes,MZ,0.877
scenes,MZ,0.839
scenes,MZ,0.728
scenes,MZ,0.87
scenes,DZ,0.891
scenes,DZ,0.824
scenes,MZ,0.776
scenes,MZ,0.826
scenes,MZ,0.527
scenes,MZ,0.556
scenes,MZ,0.836
scenes,DZ,0.817
scenes,DZ,0.787
scenes,MZ,0.9
scenes,MZ,0.711
scenes,MZ,0.854
scenes,DZ,0.649
scenes,DZ,0.672
scenes,DZ,0.798
scenes,MZ,0.792
scenes,MZ,0.851
scenes,MZ,0.783
scenes,DZ,0.797
scenes,DZ,0.751
scenes,MZ,0.666
scenes,MZ,0.698
scenes,MZ,0.808
scenes,DZ,0.85
scenes,MZ,0.835
scenes,DZ,0.648
scenes,MZ,0.813
scenes,MZ,0.785
scenes,MZ,0.796
scenes,DZ,0.837
scenes,MZ,0.759
scenes,MZ,0.819
scenes,MZ,0.672
scenes,MZ,0.809
scenes,DZ,0.757
scenes,MZ,0.756
scenes,MZ,0.733
scenes,DZ,0.523
scenes,MZ,0.781
scenes,DZ,0.9
scenes,DZ,0.666
scenes,MZ,0.745
scenes,MZ,0.873
scenes,DZ,0.88
scenes,MZ,0.704
scenes,MZ,0.707
scenes,MZ,0.612
scenes,MZ,0.815
scenes,MZ,0.611
scenes,MZ,0.627
scenes,DZ,0.733
scenes,MZ,0.838
scenes,DZ,0.718
scenes,MZ,0.865
scenes,MZ,0.78
scenes,MZ,0.757
scenes,MZ,0.848
scenes,MZ,0.793
scenes,MZ,0.87
scenes,MZ,0.816
scenes,DZ,0.797
scenes,DZ,0.686
scenes,MZ,0.627
scenes,DZ,0.911
scenes,MZ,0.934
scenes,MZ,0.48
scenes,MZ,0.724
scenes,MZ,0.906
scenes,MZ,0.757
scenes,MZ,0.767
scenes,MZ,0.874
scenes,DZ,0.692
scenes,MZ,0.551
scenes,MZ,0.686
scenes,MZ,0.81
scenes,MZ,0.712
scenes,DZ,0.71
scenes,DZ,0.583
scenes,MZ,0.686
scenes,MZ,0.706
scenes,MZ,0.762
scenes,DZ,0.743
scenes,MZ,0.79
scenes,MZ,0.972
scenes,MZ,0.821
scenes,MZ,0.622
scenes,MZ,0.83
scenes,DZ,0.763
scenes,MZ,0.655
scenes,DZ,-0.129
scenes,DZ,0.505
scenes,MZ,0.69
scenes,MZ,0.462
scenes,DZ,0.413
scenes,MZ,0.628
scenes,MZ,0.79
scenes,MZ,0.518
scenes,MZ,0.776
scenes,MZ,0.868
scenes,MZ,0.766
scenes,MZ,0.856
scenes,DZ,0.686
scenes,DZ,0.788
scenes,MZ,0.623
scenes,MZ,0.714
scenes,MZ,0.84
scenes,MZ,0.861
scenes,MZ,0.79
scenes,MZ,0.798
scenes,DZ,0.779
scenes,MZ,0.462
scenes,DZ,0.767
scenes,DZ,0.663
scenes,DZ,0.656
scenes,DZ,0.661
scenes,DZ,0.362
scenes,MZ,0.709
scenes,DZ,0.864
scenes,MZ,0.618
scenes,DZ,0.585
scenes,MZ,0.732
scenes,MZ,0.564
scenes,MZ,0.796
scenes,MZ,0.854
scenes,MZ,0.927
scenes,MZ,0.859
scenes,MZ,0.903
scenes,MZ,0.854
scenes,MZ,0.61
scenes,MZ,0.521
scenes,MZ,0.669
scenes,MZ,0.743
scenes,MZ,0.607
scenes,MZ,0.322
scenes,MZ,0.9
scenes,DZ,0.823
scenes,MZ,0.838
scenes,MZ,0.733
scenes,MZ,0.616
scenes,DZ,0.759
scenes,MZ,0.783
scenes,DZ,0.789
scenes,MZ,0.777
scenes,MZ,0.654
scenes,DZ,0.756
scenes,MZ,0.782
scenes,DZ,0.655
scenes,MZ,0.818
scenes,DZ,0.771
scenes,MZ,0.845
scenes,DZ,0.754
scenes,DZ,0.749
scenes,MZ,0.756
scenes,MZ,0.768
scenes,DZ,0.62
scenes,MZ,0.84
scenes,MZ,0.608
scenes,MZ,0.849
scenes,MZ,0.798
scenes,MZ,0.641
scenes,MZ,0.845
scenes,MZ,0.436
scenes,MZ,0.192
scenes,DZ,0.818
scenes,MZ,0.745
scenes,MZ,0.632
scenes,MZ,0.817
scenes,DZ,0.682
scenes,MZ,0.745
scenes,MZ,0.844
scenes,MZ,0.688
scenes,MZ,0.86
scenes,DZ,0.712
scenes,MZ,0.771
scenes,DZ,0.58
scenes,MZ,0.763
scenes,MZ,0.842
scenes,MZ,0.78
scenes,MZ,0.875
scenes,MZ,0.866
scenes,MZ,0.823
scenes,DZ,0.651
scenes,MZ,0.82
scenes,DZ,0.696
scenes,MZ,0.543
scenes,MZ,0.846
scenes,MZ,0.729
scenes,DZ,0.725
scenes,MZ,0.848
scenes,MZ,0.655
scenes,DZ,0.64
scenes,MZ,0.877
scenes,DZ,0.751
scenes,MZ,0.8
scenes,DZ,0.884
scenes,MZ,0.629
scenes,DZ,0.8
scenes,MZ,0.62
scenes,MZ,0.822
scenes,DZ,0.727
scenes,MZ,0.847
scenes,MZ,0.849
scenes,DZ,0.71
scenes,DZ,0.804
scenes,MZ,0.749
scenes,DZ,0.695
scenes,MZ,0.782
scenes,MZ,0.8
scenes,DZ,0.847
scenes,MZ,0.784
scenes,DZ,0.786
scenes,MZ,0.865
scenes,DZ,0.388
scenes,MZ,0.911
scenes,MZ,0.91
scenes,MZ,0.731
scenes,MZ,0.716
scenes,DZ,0.781
scenes,DZ,0.823
scenes,MZ,0.514
scenes,MZ,0.858
scenes,MZ,0.693
scenes,DZ,0.744
scenes,DZ,0.737
scenes,MZ,0.857
scenes,MZ,0.851
scenes,MZ,0.846
scenes,MZ,0.854
scenes,DZ,0.642
scenes,MZ,0.609
scenes,DZ,0.782
scenes,MZ,0.648
scenes,DZ,0.783
scenes,DZ,0.844
scenes,DZ,0.537
scenes,MZ,0.538
scenes,MZ,0.829
scenes,MZ,0.804
scenes,MZ,0.856
scenes,MZ,0.495
scenes,MZ,0.703
scenes,MZ,0.758
scenes,MZ,0.887
scenes,MZ,0.755
scenes,MZ,0.797
scenes,DZ,0.748
scenes,DZ,0.618
scenes,MZ,0.863
scenes,MZ,0.611
scenes,MZ,0.448
scenes,DZ,0.868
scenes,MZ,0.839
scenes,MZ,0.579
scenes,MZ,0.782
scenes,MZ,0.843
scenes,MZ,0.877
scenes,DZ,0.732
scenes,DZ,0.786
scenes,DZ,0.753
scenes,MZ,0.797
scenes,MZ,0.844
scenes,DZ,0.64
scenes,MZ,0.623
scenes,MZ,0.822
scenes,MZ,0.858
scenes,MZ,0.819
scenes,MZ,0.641
scenes,MZ,0.844
scenes,MZ,0.778
scenes,MZ,0.785
scenes,DZ,0.602
scenes,MZ,0.712
scenes,DZ,0.802
scenes,MZ,0.776
scenes,DZ,0.822
scenes,MZ,0.671
scenes,MZ,0.565
scenes,MZ,0.783
scenes,MZ,0.756
scenes,MZ,0.779
scenes,MZ,0.725
scenes,MZ,0.673
scenes,MZ,0.758
scenes,MZ,0.753
scenes,MZ,0.891
scenes,MZ,0.595
scenes,DZ,0.644
scenes,MZ,0.587
scenes,MZ,0.633
scenes,DZ,0.482
scenes,MZ,0.66
scenes,MZ,0.855
scenes,MZ,0.649
scenes,MZ,0.846
scenes,MZ,0.796
scenes,MZ,0.441
scenes,MZ,0.879
scenes,MZ,0.82
scenes,MZ,0.641
scenes,MZ,0.677
scenes,MZ,0.798
scenes,DZ,0.754
scenes,DZ,0.643
scenes,MZ,0.732
scenes,MZ,0.807
scenes,MZ,0.774
scenes,MZ,0.858
scenes,DZ,0.667
scenes,DZ,0.712
scenes,MZ,0.769
scenes,MZ,0.636
scenes,MZ,0.738
scenes,MZ,0.759
scenes,MZ,0.783
scenes,MZ,0.767
scenes,DZ,0.599
scenes,DZ,0.847
scenes,MZ,0.907
scenes,MZ,0.659
scenes,MZ,0.904
scenes,MZ,0.538
scenes,MZ,0.8
scenes,DZ,0.621
scenes,DZ,0.837
scenes,MZ,0.788
scenes,MZ,0.547
scenes,MZ,0.818
scenes,MZ,0.466
scenes,MZ,0.756
scenes,MZ,0.662
scenes,MZ,0.794
scenes,MZ,0.743
scenes,MZ,0.889
scenes,MZ,0.562
scenes,MZ,0.754
scenes,DZ,0.89
scenes,MZ,0.859
scenes,MZ,0.739
scenes,MZ,0.654
scenes,MZ,0.809
scenes,MZ,0.53
scenes,MZ,0.697
scenes,MZ,0.828
scenes,DZ,0.713
scenes,MZ,0.775
scenes,DZ,0.789
scenes,DZ,0.751
scenes,MZ,0.802
scenes,MZ,0.816
scenes,MZ,0.844
scenes,MZ,0.694
scenes,DZ,0.672
scenes,MZ,0.846
scenes,MZ,0.59
scenes,MZ,0.869
scenes,MZ,0.799
scenes,DZ,0.815
scenes,MZ,0.83
scenes,MZ,0.849
scenes,MZ,0.834
scenes,MZ,0.797
scenes,MZ,0.631
scenes,MZ,0.724
scenes,MZ,0.854
scenes,DZ,0.828
scenes,MZ,0.697
scenes,MZ,0.846
scenes,MZ,0.865
scenes,MZ,0.839
scenes,MZ,0.579
scenes,DZ,0.759
scenes,MZ,0.743
scenes,MZ,0.449
scenes,DZ,0.755
scenes,DZ,0.704
scenes,MZ,0.794
scenes,MZ,0.851
scenes,MZ,0.803
scenes,DZ,0.866
scenes,MZ,0.916
scenes,MZ,0.73
scenes,DZ,0.513
scenes,MZ,0.842
scenes,MZ,0.747
scenes,MZ,0.791
scenes,MZ,0.626
scenes,MZ,0.768
scenes,DZ,0.827
scenes,DZ,0.88
scenes,MZ,0.89
scenes,MZ,0.597
scenes,MZ,0.811
scenes,MZ,0.832
scenes,MZ,0.746
scenes,MZ,0.895
scenes,MZ,0.845
scenes,DZ,0.83
scenes,MZ,0.862
scenes,MZ,0.741
scenes,MZ,0.865
scenes,DZ,0.819
scenes,MZ,0.714
scenes,MZ,0.509
scenes,MZ,0.833
scenes,MZ,0.75
scenes,DZ,0.87
scenes,MZ,0.684
scenes,DZ,0.505
scenes,MZ,0.52
scenes,DZ,0.66
scenes,MZ,0.802
scenes,MZ,0.545
scenes,MZ,0.363
scenes,MZ,0.717
scenes,DZ,0.463
scenes,DZ,0.863
scenes,MZ,0.771
scenes,MZ,0.694
scenes,DZ,0.617
scenes,MZ,0.759
scenes,DZ,0.809
scenes,MZ,0.851
scenes,MZ,0.732
scenes,MZ,0.864
scenes,DZ,0.87
scenes,MZ,0.705
scenes,DZ,0.848
scenes,DZ,0.624
scenes,MZ,0.716
scenes,DZ,0.735
scenes,MZ,0.226
scenes,DZ,0.67
scenes,DZ,0.794
scenes,DZ,0.741
scenes,MZ,0.761
scenes,DZ,0.829
scenes,MZ,0.758
scenes,MZ,0.88
scenes,MZ,0.791
scenes,MZ,0.834
scenes,DZ,0.788
scenes,MZ,0.681
scenes,MZ,0.865
scenes,DZ,0.802
scenes,MZ,0.822
scenes,MZ,0.507
scenes,DZ,0.842
scenes,MZ,0.513
scenes,MZ,0.731
scenes,MZ,0.809
scenes,MZ,0.754
scenes,MZ,0.858
scenes,MZ,0.736
scenes,MZ,0.589
scenes,MZ,0.748
scenes,MZ,0.684
scenes,MZ,0.761
scenes,MZ,0.548
scenes,MZ,0.818
scenes,MZ,0.677
scenes,DZ,0.717
scenes,MZ,0.811
scenes,MZ,0.742
scenes,DZ,0.747
scenes,MZ,0.914
scenes,MZ,0.739
scenes,MZ,0.694
scenes,MZ,0.853
scenes,DZ,0.652
scenes,MZ,0.867
scenes,DZ,0.743
scenes,MZ,0.695
scenes,MZ,0.819
scenes,MZ,0.866
scenes,DZ,0.699
scenes,MZ,0.572
scenes,DZ,0.657
scenes,MZ,0.715
scenes,DZ,0.768
scenes,DZ,0.676
scenes,MZ,0.795
scenes,MZ,0.777
scenes,DZ,0.767
scenes,MZ,0.593
scenes,DZ,0.85
scenes,DZ,0.64
scenes,MZ,0.81
scenes,DZ,0.528
scenes,MZ,0.854
scenes,MZ,0.812
scenes,MZ,0.726
scenes,MZ,0.69
scenes,MZ,0.583
scenes,MZ,0.808
scenes,MZ,0.659
scenes,MZ,0.681
scenes,MZ,0.747
scenes,DZ,0.66
scenes,MZ,0.793
scenes,DZ,0.781
scenes,MZ,0.83
scenes,MZ,0.781
scenes,MZ,0.819
scenes,MZ,0.752
scenes,MZ,0.695
scenes,MZ,0.758
scenes,MZ,0.668
scenes,MZ,0.62
scenes,MZ,0.797
scenes,MZ,0.727
scenes,MZ,0.825
scenes,MZ,0.619
scenes,MZ,0.276
scenes,DZ,0.856
scenes,DZ,0.732
scenes,MZ,0.877
scenes,DZ,0.702
scenes,DZ,0.61
scenes,MZ,0.756
scenes,DZ,0.819
scenes,MZ,0.821
scenes,MZ,0.726
scenes,MZ,0.661
scenes,MZ,0.776
scenes,MZ,0.827
scenes,DZ,0.646
scenes,MZ,0.781
scenes,MZ,0.716
scenes,MZ,0.606
scenes,MZ,0.667
scenes,MZ,0.317
scenes,MZ,0.918
scenes,MZ,0.834
scenes,MZ,0.766
scenes,MZ,0.677
scenes,MZ,0.768
scenes,MZ,0.848
scenes,MZ,0.786
scenes,MZ,0.764
scenes,MZ,0.694
scenes,DZ,0.68
scenes,MZ,0.833
scenes,MZ,0.858
scenes,MZ,0.756
scenes,MZ,0.869
scenes,DZ,0.807
scenes,DZ,0.748
scenes,DZ,0.693
scenes,DZ,0.526
scenes,MZ,0.862
scenes,MZ,0.891
scenes,MZ,0.859
scenes,MZ,0.828
scenes,MZ,0.918
scenes,MZ,0.809
scenes,DZ,0.472
scenes,MZ,0.716
scenes,MZ,0.832
scenes,DZ,0.597
scenes,MZ,0.898
scenes,MZ,0.761
scenes,MZ,0.694
scenes,DZ,0.738
scenes,MZ,0.834
scenes,MZ,0.737
scenes,MZ,0.793
scenes,MZ,0.505
scenes,MZ,0.695
scenes,MZ,0.572
scenes,MZ,0.754
scenes,MZ,0.577
scenes,MZ,0.886
scenes,MZ,0.685
scenes,MZ,0.759
scenes,MZ,0.337
scenes,MZ,0.761
scenes,DZ,0.691
scenes,MZ,0.827
scenes,MZ,0.879
scenes,MZ,0.746
scenes,MZ,0.591
scenes,UR,0.552
scenes,UR,0.594
scenes,UR,0.85
scenes,UR,0.566
scenes,UR,0.844
scenes,UR,0.639
scenes,UR,0.709
scenes,UR,0.721
scenes,UR,0.687
scenes,UR,0.659
scenes,UR,0.75
scenes,UR,0.717
scenes,UR,0.552
scenes,UR,0.607
scenes,UR,0.722
scenes,UR,0.646
scenes,UR,0.744
scenes,UR,0.851
scenes,UR,0.756
scenes,UR,0.734
scenes,UR,0.454
scenes,UR,0.84
scenes,UR,0.71
scenes,UR,0.701
scenes,UR,0.846
scenes,UR,0.627
scenes,UR,0.806
scenes,UR,0.708
scenes,UR,0.741
scenes,UR,0.583
scenes,UR,0.617
scenes,UR,0.794
scenes,UR,0.425
scenes,UR,0.727
scenes,UR,0.839
scenes,UR,0.682
scenes,UR,0.624
scenes,UR,0.576
scenes,UR,0.548
scenes,UR,0.595
scenes,UR,0.586
scenes,UR,0.351
scenes,UR,0.484
scenes,UR,0.697
scenes,UR,0.521
scenes,UR,0.625
scenes,UR,0.689
scenes,UR,0.687
scenes,UR,0.438
scenes,UR,0.66
scenes,UR,0.65
scenes,UR,0.522
scenes,UR,0.652
scenes,UR,0.671
scenes,UR,0.72
scenes,UR,0.617
scenes,UR,0.75
scenes,UR,0.677
scenes,UR,0.766
scenes,UR,0.66
scenes,UR,0.464
scenes,UR,0.713
scenes,UR,0.845
scenes,UR,0.601
scenes,UR,0.729
scenes,UR,0.643
scenes,UR,0.7
scenes,UR,0.838
scenes,UR,0.673
scenes,UR,0.702
scenes,UR,0.833
scenes,UR,0.81
scenes,UR,0.748
scenes,UR,0.81
scenes,UR,0.606
scenes,UR,0.685
scenes,UR,0.778
scenes,UR,0.752
scenes,UR,0.577
scenes,UR,0.749
scenes,UR,0.58
scenes,UR,0.398
scenes,UR,0.703
scenes,UR,0.656
scenes,UR,0.629
scenes,UR,0.789
scenes,UR,0.808
scenes,UR,0.663
scenes,UR,0.811
scenes,UR,0.821
scenes,UR,0.491
scenes,UR,0.851
scenes,UR,0.778
scenes,UR,0.605
scenes,UR,0.856
scenes,UR,0.668
scenes,UR,0.816
scenes,UR,0.704
scenes,UR,0.865
scenes,UR,0.802
scenes,UR,0.475
scenes,UR,0.744
scenes,UR,0.66
scenes,UR,0.82
scenes,UR,0.583
scenes,UR,0.765
scenes,UR,0.82
scenes,UR,0.779
scenes,UR,0.629
scenes,UR,0.837
scenes,UR,0.551
scenes,UR,0.476
scenes,UR,0.849
scenes,UR,0.731
scenes,UR,0.655
scenes,UR,0.848
scenes,UR,0.555
scenes,UR,0.83
scenes,UR,0.596
scenes,UR,0.744
scenes,UR,0.692
scenes,UR,0.699
scenes,UR,0.796
scenes,UR,0.424
scenes,UR,0.816
scenes,UR,0.651
scenes,UR,0.796
scenes,UR,0.775
scenes,UR,0.897
scenes,UR,0.675
scenes,UR,0.604
scenes,UR,0.859
scenes,UR,0.751
scenes,UR,0.625
scenes,UR,0.73
scenes,UR,0.821
scenes,UR,0.746
scenes,UR,0.727
scenes,UR,0.854
scenes,UR,0.678
scenes,UR,0.716
scenes,UR,0.669
scenes,UR,0.586
scenes,UR,0.824
scenes,UR,0.559
scenes,UR,0.683
scenes,UR,0.87
scenes,UR,0.734
scenes,UR,0.788
scenes,UR,0.524
scenes,UR,0.754
scenes,UR,0.766
scenes,UR,0.734
scenes,UR,0.708
scenes,UR,0.825
scenes,UR,0.746
scenes,UR,0.749
scenes,UR,0.51
scenes,UR,0.918
scenes,UR,0.808
scenes,UR,0.667
scenes,UR,0.648
scenes,UR,0.549
scenes,UR,0.769
scenes,UR,0.811
scenes,UR,0.715
scenes,UR,0.747
scenes,UR,0.768
scenes,UR,0.739
scenes,UR,0.723
scenes,UR,0.839
scenes,UR,0.668
scenes,UR,0.592
scenes,UR,0.857
scenes,UR,0.693
scenes,UR,0.769
scenes,UR,0.72
scenes,UR,0.737
scenes,UR,0.792
scenes,UR,0.612
scenes,UR,0.635
scenes,UR,0.757
scenes,UR,0.737
scenes,UR,0.576
scenes,UR,0.775
scenes,UR,0.849
scenes,UR,0.659
scenes,UR,0.548
scenes,UR,0.843
scenes,UR,0.728
scenes,UR,0.626
scenes,UR,0.763
scenes,UR,0.472
scenes,UR,0.744
scenes,UR,0.664
scenes,UR,0.805
scenes,UR,0.744
scenes,UR,0.659
scenes,UR,0.795
scenes,UR,0.68
scenes,UR,0.757
scenes,UR,0.712
scenes,UR,0.604
scenes,UR,0.73
scenes,UR,0.372
scenes,UR,0.665
scenes,UR,0.649
scenes,UR,0.625
scenes,UR,0.692
scenes,UR,0.736
scenes,UR,0.871
scenes,UR,0.752
scenes,UR,0.727
scenes,UR,0.667
scenes,UR,0.764
scenes,UR,0.583
scenes,UR,0.552
scenes,UR,0.748
scenes,UR,0.607
scenes,UR,0.809
scenes,UR,0.734
scenes,UR,0.826
scenes,UR,0.563
scenes,UR,0.761
scenes,UR,0.666
scenes,UR,0.688
scenes,UR,0.84
scenes,UR,0.692
scenes,UR,0.52
scenes,UR,0.516
scenes,UR,0.653
scenes,UR,0.776
scenes,UR,0.848
scenes,UR,0.688
scenes,UR,0.78
scenes,UR,0.612
scenes,UR,0.713
scenes,UR,0.79
scenes,UR,0.5
scenes,UR,0.488
scenes,UR,0.595
scenes,UR,0.803
scenes,UR,0.83
scenes,UR,0.768
scenes,UR,0.607
scenes,UR,0.433
scenes,UR,0.558
scenes,UR,0.78
scenes,UR,0.473
scenes,UR,0.623
scenes,UR,0.792
scenes,UR,0.44
scenes,UR,0.618
scenes,UR,0.866
scenes,UR,0.785
scenes,UR,0.468
scenes,UR,0.378
scenes,UR,0.833
scenes,UR,0.609
scenes,UR,0.679
scenes,UR,0.624
scenes,UR,0.491
scenes,UR,0.757
scenes,UR,0.666
scenes,UR,0.696
scenes,UR,0.702
scenes,UR,0.79
scenes,UR,0.783
scenes,UR,0.63
scenes,UR,0.685
scenes,UR,0.71
scenes,UR,0.517
scenes,UR,0.849
scenes,UR,0.706
scenes,UR,0.603
scenes,UR,0.545
scenes,UR,0.608
scenes,UR,0.326
scenes,UR,0.655
scenes,UR,0.668
scenes,UR,0.798
scenes,UR,0.578
scenes,UR,0.662
scenes,UR,0.46
scenes,UR,0.879
scenes,UR,0.565
scenes,UR,0.726
scenes,UR,0.848
scenes,UR,0.722
scenes,UR,0.765
scenes,UR,0.503
scenes,UR,0.904
scenes,UR,0.726
scenes,UR,0.849
scenes,UR,0.746
scenes,UR,0.791
scenes,UR,0.706
scenes,UR,0.48
scenes,UR,0.617
scenes,UR,0.469
scenes,UR,0.706
scenes,UR,0.656
scenes,UR,0.752
scenes,UR,0.801
scenes,UR,0.708
scenes,UR,0.682
scenes,UR,0.711
scenes,UR,0.68
scenes,UR,0.78
scenes,UR,0.538
scenes,UR,0.638
scenes,UR,0.675
scenes,UR,0.624
scenes,UR,0.764
scenes,UR,0.752
scenes,UR,0.793
scenes,UR,0.575
scenes,UR,0.78
scenes,UR,0.726
scenes,UR,0.824
scenes,UR,0.59
scenes,UR,0.684
scenes,UR,0.8
scenes,UR,0.814
scenes,UR,0.795
scenes,UR,0.489
scenes,UR,0.7
scenes,UR,0.29
scenes,UR,0.351
scenes,UR,0.626
scenes,UR,0.78
scenes,UR,0.647
scenes,UR,0.634
scenes,UR,0.691
scenes,UR,0.639
scenes,UR,0.675
scenes,UR,0.75
scenes,UR,0.616
scenes,UR,0.771
scenes,UR,0.583
scenes,UR,0.569
scenes,UR,0.721
scenes,UR,0.693
scenes,UR,0.643
scenes,UR,0.794
scenes,UR,0.729
scenes,UR,0.605
scenes,UR,0.49
scenes,UR,0.833
scenes,UR,0.646
scenes,UR,0.584
scenes,UR,0.727
scenes,UR,0.709
scenes,UR,0.787
scenes,UR,0.706
scenes,UR,0.322
scenes,UR,0.739
scenes,UR,0.809
scenes,UR,0.628
scenes,UR,0.619
scenes,UR,0.865
scenes,UR,0.576
scenes,UR,0.706
scenes,UR,0.835
scenes,UR,0.797
scenes,UR,0.543
scenes,UR,0.836
scenes,UR,0.774
scenes,UR,0.761
scenes,UR,0.626
scenes,UR,0.413
scenes,UR,0.39
scenes,UR,0.762
scenes,UR,0.863
scenes,UR,0.738
scenes,UR,0.616
scenes,UR,0.727
scenes,UR,0.621
scenes,UR,0.772
scenes,UR,0.697
scenes,UR,0.868
scenes,UR,0.748
scenes,UR,0.712
scenes,UR,0.692
scenes,UR,0.746
scenes,UR,0.464
scenes,UR,0.676
scenes,UR,0.693
scenes,UR,0.751
scenes,UR,0.749
scenes,UR,0.625
scenes,UR,0.794
scenes,UR,0.766
scenes,UR,0.536
scenes,UR,0.834
scenes,UR,0.697
scenes,UR,0.726
scenes,UR,0.458
scenes,UR,0.698
scenes,UR,0.632
scenes,UR,0.531
scenes,UR,0.617
scenes,UR,0.456
scenes,UR,0.44
scenes,UR,0.77
scenes,UR,0.621
scenes,UR,0.653
scenes,UR,0.732
scenes,UR,0.874
scenes,UR,0.843
scenes,UR,0.777
scenes,UR,0.753
scenes,UR,0.606
scenes,UR,0.797
scenes,UR,0.36
scenes,UR,0.605
scenes,UR,0.724
scenes,UR,0.747
scenes,UR,0.729
scenes,UR,0.822
scenes,UR,0.733
scenes,UR,0.891
scenes,UR,0.865
scenes,UR,0.43
scenes,UR,0.677
scenes,UR,0.437
scenes,UR,0.789
scenes,UR,0.711
scenes,UR,0.417
scenes,UR,0.739
scenes,UR,0.517
scenes,UR,0.5
scenes,UR,0.676
scenes,UR,0.857
scenes,UR,0.57
scenes,UR,0.776
scenes,UR,0.482
scenes,UR,0.799
scenes,UR,0.675
scenes,UR,0.746
scenes,UR,0.699
scenes,UR,0.655
scenes,UR,0.475
scenes,UR,0.628
scenes,UR,0.781
scenes,UR,0.79
scenes,UR,0.742
scenes,UR,0.674
scenes,UR,0.798
scenes,UR,0.774
scenes,UR,0.864
scenes,UR,0.517
scenes,UR,0.626
scenes,UR,0.718
scenes,UR,0.733
scenes,UR,0.456
scenes,UR,0.646
scenes,UR,0.672
scenes,UR,0.52
scenes,UR,0.831
scenes,UR,0.842
scenes,UR,0.752
scenes,UR,0.612
scenes,UR,0.802
scenes,UR,0.758
scenes,UR,0.663
scenes,UR,0.795
scenes,UR,0.655
scenes,UR,0.691
scenes,UR,0.773
scenes,UR,0.658
scenes,UR,0.612
scenes,UR,0.796
scenes,UR,0.663
scenes,UR,0.706
scenes,UR,0.821
scenes,UR,0.581
scenes,UR,0.636
scenes,UR,0.783
scenes,UR,0.759
scenes,UR,0.82
scenes,UR,0.646
scenes,UR,0.637
scenes,UR,0.784
scenes,UR,0.631
scenes,UR,0.751
scenes,UR,0.463
scenes,UR,0.715
scenes,UR,0.804
scenes,UR,0.666
scenes,UR,0.721
scenes,UR,0.541
scenes,UR,0.733
scenes,UR,0.506
scenes,UR,0.797
scenes,UR,0.612
scenes,UR,0.711
scenes,UR,0.447
scenes,UR,0.633
scenes,UR,0.704
scenes,UR,0.581
scenes,UR,0.858
scenes,UR,0.719
scenes,UR,0.315
scenes,UR,0.607
scenes,UR,0.62
scenes,UR,0.715
scenes,UR,0.745
scenes,UR,0.812
scenes,UR,0.815
scenes,UR,0.649
scenes,UR,0.767
scenes,UR,0.732
scenes,UR,0.553
scenes,UR,0.602
scenes,UR,0.842
scenes,UR,0.657
scenes,UR,0.572
scenes,UR,0.598
scenes,UR,0.52
scenes,UR,0.554
scenes,UR,0.836
scenes,UR,0.688
scenes,UR,0.823
scenes,UR,0.65
scenes,UR,0.467
scenes,UR,0.71
scenes,UR,0.676
scenes,UR,0.644
scenes,UR,0.779
scenes,UR,0.649
scenes,UR,0.627
scenes,UR,0.787
scenes,UR,0.774
scenes,UR,0.673
scenes,UR,0.364
scenes,UR,0.808
scenes,UR,0.842
scenes,UR,0.309
scenes,UR,0.691
scenes,UR,0.664
scenes,UR,0.815
scenes,UR,0.782
scenes,UR,0.649
scenes,UR,0.633
scenes,UR,0.775
scenes,UR,0.734
scenes,UR,0.76
scenes,UR,0.787
scenes,UR,0.724
scenes,UR,0.825
scenes,UR,0.782
scenes,UR,0.623
scenes,UR,0.822
scenes,UR,0.713
scenes,UR,0.792
scenes,UR,0.619
scenes,UR,0.714
scenes,UR,0.806
scenes,UR,0.812
scenes,UR,0.714
scenes,UR,0.749
scenes,UR,0.83
scenes,UR,0.65
scenes,UR,0.748
scenes,UR,0.794
scenes,UR,0.793
scenes,UR,0.734
scenes,UR,0.59
scenes,UR,0.831
scenes,UR,0.816
scenes,UR,0.724
scenes,UR,0.756
scenes,UR,0.747
scenes,UR,0.657
scenes,UR,0.253
scenes,UR,0.51
scenes,UR,0.53
scenes,UR,0.109
scenes,UR,0.711
scenes,UR,0.33
scenes,UR,0.872
scenes,UR,0.491
scenes,UR,0.681
scenes,UR,0.422
scenes,UR,0.632
scenes,UR,0.685
scenes,UR,0.742
scenes,UR,0.869
scenes,UR,0.691
scenes,UR,0.716
scenes,UR,0.489
scenes,UR,0.737
scenes,UR,0.648
scenes,UR,0.706
scenes,UR,0.736
scenes,UR,0.8
scenes,UR,0.292
scenes,UR,0.799
scenes,UR,0.841
scenes,UR,0.526
scenes,UR,0.7
scenes,UR,0.636
scenes,UR,0.767
scenes,UR,0.611
scenes,UR,0.69
scenes,UR,0.766
scenes,UR,0.553
scenes,UR,0.442
scenes,UR,0.765
scenes,UR,0.726
scenes,UR,0.456
scenes,UR,0.736
scenes,UR,0.658
scenes,UR,0.483
scenes,UR,0.717
scenes,UR,0.828
scenes,UR,0.785
scenes,UR,0.908
scenes,UR,0.635
scenes,UR,0.763
scenes,UR,0.525
scenes,UR,0.674
scenes,UR,0.887
scenes,UR,0.678
scenes,UR,0.681
scenes,UR,0.709
scenes,UR,0.629
scenes,UR,0.752
scenes,UR,0.784
scenes,UR,0.432
scenes,UR,0.675
scenes,UR,0.864
scenes,UR,0.733
scenes,UR,0.761
scenes,UR,0.66
scenes,UR,0.631
scenes,UR,0.605
scenes,UR,0.751
scenes,UR,0.691
scenes,UR,0.669
scenes,UR,0.847
scenes,UR,0.404
scenes,UR,0.704
scenes,UR,0.652
scenes,UR,0.722
scenes,UR,0.841
scenes,UR,0.545
scenes,UR,0.671
scenes,UR,0.673
scenes,UR,0.834
scenes,UR,0.625
scenes,UR,0.828
scenes,UR,0.77
scenes,UR,0.837
scenes,UR,0.683
scenes,UR,0.749
scenes,UR,0.586
scenes,UR,0.576
scenes,UR,0.809
scenes,UR,0.544
scenes,UR,0.566
scenes,UR,0.438
scenes,UR,0.793
scenes,UR,0.724
scenes,UR,0.828
scenes,UR,0.817
scenes,UR,0.522
scenes,UR,0.725
scenes,UR,0.576
scenes,UR,0.752
scenes,UR,0.668
scenes,UR,0.758
scenes,UR,0.692
scenes,UR,0.652
scenes,UR,0.494
scenes,UR,0.729
scenes,UR,0.716
scenes,UR,0.419
scenes,UR,0.74
scenes,UR,0.701
scenes,UR,0.756
scenes,UR,0.824
scenes,UR,0.478
scenes,UR,0.687
scenes,UR,0.719
scenes,UR,0.602
scenes,UR,0.677
scenes,UR,0.807
scenes,UR,0.752
scenes,UR,0.787
scenes,UR,0.392
scenes,UR,0.649
scenes,UR,0.768
scenes,UR,0.701
scenes,UR,0.536
scenes,UR,0.759
scenes,UR,0.332
scenes,UR,0.696
scenes,UR,0.59
scenes,UR,0.799
scenes,UR,0.745
scenes,UR,0.773
scenes,UR,0.613
scenes,UR,0.781
scenes,UR,0.694
scenes,UR,0.602
scenes,UR,0.845
scenes,UR,0.643
scenes,UR,0.394
scenes,UR,0.667
scenes,UR,0.786
scenes,UR,0.741
scenes,UR,0.669
scenes,UR,0.698
scenes,UR,0.662
scenes,UR,0.83
scenes,UR,0.718
scenes,UR,0.892
scenes,UR,0.748
scenes,UR,0.544
scenes,UR,0.52
scenes,UR,0.732
scenes,UR,0.774
scenes,UR,0.752
scenes,UR,0.861
scenes,UR,0.722
scenes,UR,0.622
scenes,UR,0.737
scenes,UR,0.762
scenes,UR,0.691
scenes,UR,0.777
scenes,UR,0.845
scenes,UR,0.642
scenes,UR,0.742
scenes,UR,0.835
scenes,UR,0.695
scenes,UR,0.679
scenes,UR,0.733
scenes,UR,0.756
scenes,UR,0.532
scenes,UR,0.748
scenes,UR,0.658
scenes,UR,0.769
scenes,UR,0.879
scenes,UR,0.536
scenes,UR,0.644
abstract,MZ,0.753
abstract,MZ,0.368
abstract,MZ,0.426
abstract,DZ,-0.108
abstract,MZ,0.292
abstract,MZ,0.542
abstract,MZ,0.232
abstract,MZ,0.559
abstract,MZ,0.527
abstract,MZ,0.421
abstract,DZ,0.598
abstract,MZ,0.218
abstract,DZ,0.746
abstract,DZ,0.298
abstract,MZ,0.531
abstract,MZ,0.361
abstract,MZ,0.438
abstract,DZ,-0.067
abstract,DZ,0.469
abstract,MZ,0.564
abstract,MZ,0.424
abstract,MZ,0.409
abstract,MZ,0.445
abstract,MZ,0.582
abstract,MZ,0.377
abstract,MZ,0.474
abstract,MZ,-0.108
abstract,MZ,0.407
abstract,MZ,0.013
abstract,MZ,0.561
abstract,MZ,0.475
abstract,DZ,-0.091
abstract,MZ,0.308
abstract,DZ,0.211
abstract,DZ,0.541
abstract,MZ,0.322
abstract,MZ,0.347
abstract,MZ,0.263
abstract,MZ,0.654
abstract,MZ,0.453
abstract,DZ,0.394
abstract,DZ,0.266
abstract,MZ,0.675
abstract,DZ,-0.009
abstract,DZ,-0.129
abstract,DZ,0.676
abstract,MZ,0.617
abstract,DZ,0.513
abstract,DZ,0.362
abstract,DZ,0.708
abstract,MZ,0.478
abstract,MZ,0.556
abstract,MZ,0.52
abstract,DZ,0.538
abstract,DZ,0.539
abstract,DZ,0.324
abstract,MZ,0.563
abstract,DZ,0.271
abstract,MZ,0.371
abstract,DZ,0.009
abstract,MZ,0.205
abstract,MZ,0.627
abstract,DZ,0.389
abstract,MZ,0.397
abstract,MZ,0.272
abstract,MZ,0.4
abstract,DZ,0.321
abstract,MZ,0.423
abstract,MZ,0.234
abstract,DZ,0.262
abstract,MZ,0.226
abstract,MZ,0.077
abstract,MZ,0.525
abstract,DZ,-0.018
abstract,MZ,0.402
abstract,MZ,0.641
abstract,MZ,0.415
abstract,DZ,0.605
abstract,DZ,0.56
abstract,MZ,0.476
abstract,MZ,0.344
abstract,MZ,0.174
abstract,MZ,0.503
abstract,DZ,0.674
abstract,DZ,0.225
abstract,DZ,0.661
abstract,MZ,0.474
abstract,DZ,0.471
abstract,MZ,0.426
abstract,MZ,0.499
abstract,MZ,0.396
abstract,MZ,0.557
abstract,MZ,0.579
abstract,MZ,0.682
abstract,MZ,0.473
abstract,MZ,0.325
abstract,MZ,0.521
abstract,DZ,0.001
abstract,MZ,0.396
abstract,MZ,0.408
abstract,MZ,0.581
abstract,DZ,0.081
abstract,MZ,0.367
abstract,DZ,0.072
abstract,MZ,0.068
abstract,DZ,0.456
abstract,DZ,0.298
abstract,DZ,0.266
abstract,MZ,0.055
abstract,MZ,0.705
abstract,MZ,0.117
abstract,MZ,0.546
abstract,MZ,0.583
abstract,DZ,0.165
abstract,MZ,0.47
abstract,MZ,0.378
abstract,MZ,0.183
abstract,DZ,0.299
abstract,MZ,0.496
abstract,MZ,0.407
abstract,DZ,0.283
abstract,MZ,0.137
abstract,MZ,0.459
abstract,DZ,0.544
abstract,MZ,0.481
abstract,DZ,0.391
abstract,MZ,0.435
abstract,DZ,0.233
abstract,MZ,0.584
abstract,MZ,0.582
abstract,MZ,0.533
abstract,MZ,0.391
abstract,MZ,0.48
abstract,MZ,0.685
abstract,MZ,0.618
abstract,MZ,0.592
abstract,MZ,0.788
abstract,DZ,0.519
abstract,DZ,-0.142
abstract,DZ,0.645
abstract,MZ,0.217
abstract,MZ,0.432
abstract,MZ,0.326
abstract,MZ,0.274
abstract,DZ,0.183
abstract,MZ,0.292
abstract,MZ,0.241
abstract,MZ,0.528
abstract,DZ,0.331
abstract,DZ,0.533
abstract,MZ,0.549
abstract,MZ,0.508
abstract,MZ,-0.232
abstract,MZ,0.687
abstract,DZ,0.378
abstract,MZ,0.044
abstract,DZ,0.271
abstract,MZ,0.605
abstract,MZ,0.327
abstract,MZ,0.263
abstract,DZ,-0.129
abstract,DZ,-0.004
abstract,DZ,0.139
abstract,MZ,0.467
abstract,MZ,0.453
abstract,DZ,0.065
abstract,DZ,0.016
abstract,MZ,0.553
abstract,MZ,-0.364
abstract,DZ,0.72
abstract,MZ,0.329
abstract,MZ,0.265
abstract,MZ,0.173
abstract,DZ,0.25
abstract,MZ,0.469
abstract,MZ,0.748
abstract,MZ,0.343
abstract,MZ,0.372
abstract,DZ,0.619
abstract,MZ,0.275
abstract,MZ,0.383
abstract,MZ,0.728
abstract,DZ,0.505
abstract,DZ,0.381
abstract,MZ,-0.08
abstract,MZ,0.476
abstract,DZ,0.41
abstract,MZ,0.549
abstract,MZ,0.442
abstract,MZ,0.271
abstract,MZ,0.744
abstract,DZ,0.698
abstract,MZ,0.305
abstract,DZ,0.28
abstract,MZ,0.57
abstract,MZ,0.192
abstract,MZ,0.282
abstract,MZ,0.225
abstract,MZ,0.77
abstract,MZ,0.413
abstract,MZ,0.663
abstract,DZ,0.031
abstract,DZ,0.159
abstract,MZ,0.342
abstract,DZ,0.397
abstract,MZ,0.392
abstract,MZ,0.589
abstract,MZ,0.75
abstract,MZ,0.444
abstract,MZ,0.431
abstract,MZ,0.088
abstract,MZ,0.426
abstract,DZ,0.305
abstract,MZ,0.562
abstract,MZ,0.53
abstract,MZ,0.39
abstract,DZ,-0.093
abstract,MZ,0.413
abstract,MZ,0.882
abstract,MZ,0.559
abstract,MZ,0.183
abstract,DZ,0.217
abstract,MZ,0.275
abstract,DZ,0.141
abstract,DZ,0.29
abstract,MZ,0.423
abstract,DZ,0.48
abstract,MZ,0.79
abstract,MZ,0.654
abstract,MZ,0.227
abstract,MZ,0.567
abstract,MZ,0.418
abstract,MZ,0.469
abstract,MZ,0.607
abstract,DZ,0.491
abstract,DZ,0.44
abstract,MZ,0.402
abstract,MZ,0.481
abstract,MZ,0.415
abstract,MZ,0.043
abstract,MZ,0.645
abstract,DZ,0.58
abstract,MZ,0.599
abstract,DZ,0.556
abstract,DZ,0.198
abstract,DZ,0.166
abstract,DZ,0.402
abstract,DZ,0.236
abstract,MZ,0.627
abstract,DZ,0.265
abstract,MZ,0.265
abstract,DZ,0.117
abstract,DZ,0.702
abstract,MZ,0.144
abstract,MZ,0.271
abstract,MZ,0.594
abstract,MZ,-0.25
abstract,MZ,0.667
abstract,MZ,0.498
abstract,MZ,0.421
abstract,MZ,0.739
abstract,MZ,0.039
abstract,MZ,0.34
abstract,MZ,0.087
abstract,MZ,0.201
abstract,DZ,0.467
abstract,MZ,0.623
abstract,MZ,0.583
abstract,MZ,0.387
abstract,DZ,0.331
abstract,MZ,0.362
abstract,DZ,0.698
abstract,MZ,0.097
abstract,MZ,0.349
abstract,DZ,0.628
abstract,MZ,0.575
abstract,MZ,0.337
abstract,DZ,0.401
abstract,MZ,0.463
abstract,DZ,0.266
abstract,MZ,0.199
abstract,MZ,0.249
abstract,DZ,0.585
abstract,MZ,0.357
abstract,MZ,0.591
abstract,MZ,0.422
abstract,MZ,0.393
abstract,MZ,0.39
abstract,MZ,0.543
abstract,MZ,0.696
abstract,DZ,0.217
abstract,MZ,0.38
abstract,MZ,0.51
abstract,MZ,0.338
abstract,MZ,0.447
abstract,MZ,0.74
abstract,MZ,0.236
abstract,MZ,0.262
abstract,MZ,0.153
abstract,DZ,0.64
abstract,MZ,0.321
abstract,MZ,0.526
abstract,MZ,0.234
abstract,MZ,0.319
abstract,MZ,0.324
abstract,MZ,0.534
abstract,DZ,0.261
abstract,MZ,0.521
abstract,DZ,0.319
abstract,MZ,0.273
abstract,MZ,0.721
abstract,MZ,0.521
abstract,DZ,0.495
abstract,MZ,-0.032
abstract,MZ,0.37
abstract,DZ,0.664
abstract,DZ,0.412
abstract,MZ,0.466
abstract,DZ,0.526
abstract,DZ,0.384
abstract,MZ,0.482
abstract,MZ,0.315
abstract,DZ,0.543
abstract,MZ,0.215
abstract,MZ,0.312
abstract,DZ,0.135
abstract,DZ,0.111
abstract,MZ,0.573
abstract,MZ,0.569
abstract,MZ,0.809
abstract,DZ,0.371
abstract,MZ,0.374
abstract,MZ,0.135
abstract,MZ,0.455
abstract,MZ,0.135
abstract,MZ,-0.163
abstract,DZ,0.318
abstract,MZ,0.655
abstract,MZ,0.193
abstract,DZ,0.346
abstract,DZ,0.513
abstract,MZ,0.305
abstract,MZ,0.811
abstract,DZ,0.635
abstract,MZ,0.164
abstract,DZ,0.529
abstract,MZ,0.569
abstract,DZ,0.197
abstract,DZ,0.389
abstract,DZ,0.553
abstract,MZ,0.593
abstract,MZ,0.133
abstract,MZ,0.141
abstract,MZ,0.528
abstract,MZ,0.249
abstract,MZ,0.289
abstract,MZ,0.338
abstract,MZ,-0.09
abstract,MZ,0.475
abstract,DZ,0.288
abstract,DZ,0.202
abstract,MZ,0.697
abstract,MZ,0.301
abstract,MZ,0.393
abstract,DZ,0.281
abstract,MZ,0.838
abstract,MZ,0.535
abstract,MZ,0.577
abstract,MZ,0.236
abstract,DZ,0.297
abstract,DZ,0.352
abstract,DZ,0.617
abstract,MZ,0.445
abstract,MZ,0.726
abstract,MZ,0.451
abstract,MZ,0.486
abstract,MZ,0.352
abstract,MZ,0.574
abstract,MZ,0.06
abstract,MZ,0.214
abstract,MZ,0.738
abstract,DZ,0.512
abstract,MZ,0.646
abstract,DZ,0.209
abstract,MZ,-0.387
abstract,DZ,0.147
abstract,MZ,0.806
abstract,MZ,0.272
abstract,MZ,0.628
abstract,MZ,0.37
abstract,MZ,0.668
abstract,MZ,0.427
abstract,MZ,0.555
abstract,MZ,0.336
abstract,MZ,0.435
abstract,MZ,0.713
abstract,DZ,0.524
abstract,MZ,0.512
abstract,MZ,0.376
abstract,DZ,0.188
abstract,MZ,0.64
abstract,MZ,0.238
abstract,MZ,0.459
abstract,MZ,-0.07
abstract,MZ,0.437
abstract,MZ,0.095
abstract,MZ,0.615
abstract,MZ,0.323
abstract,DZ,0.675
abstract,DZ,-0.235
abstract,MZ,0.383
abstract,MZ,0.269
abstract,MZ,0.332
abstract,MZ,0.405
abstract,DZ,0.273
abstract,DZ,0.227
abstract,MZ,0.152
abstract,MZ,0.162
abstract,MZ,0.625
abstract,DZ,0.671
abstract,MZ,0.672
abstract,MZ,0.471
abstract,MZ,0.391
abstract,MZ,0.498
abstract,MZ,0.176
abstract,DZ,0.279
abstract,DZ,0.494
abstract,MZ,0.565
abstract,MZ,0.186
abstract,MZ,0.625
abstract,MZ,0.324
abstract,MZ,0.58
abstract,MZ,0.335
abstract,MZ,0.155
abstract,DZ,0.414
abstract,MZ,0.542
abstract,MZ,0.467
abstract,MZ,0.649
abstract,MZ,0.534
abstract,MZ,0.362
abstract,MZ,0.418
abstract,MZ,0.146
abstract,DZ,0.582
abstract,MZ,0.588
abstract,DZ,0.388
abstract,DZ,0.528
abstract,MZ,0.362
abstract,MZ,0.151
abstract,DZ,0.481
abstract,MZ,0.476
abstract,MZ,0.227
abstract,MZ,0.79
abstract,DZ,0.6
abstract,MZ,0.563
abstract,MZ,0.742
abstract,MZ,0.521
abstract,MZ,0.447
abstract,MZ,0.444
abstract,MZ,0.132
abstract,DZ,0.457
abstract,MZ,0.58
abstract,MZ,0.58
abstract,MZ,0.328
abstract,MZ,0.202
abstract,MZ,0.35
abstract,MZ,0.407
abstract,DZ,0.688
abstract,DZ,0.638
abstract,MZ,0.447
abstract,MZ,0.169
abstract,MZ,0.511
abstract,MZ,0.493
abstract,DZ,0.612
abstract,MZ,0.599
abstract,MZ,0.583
abstract,DZ,0.357
abstract,MZ,0.497
abstract,MZ,-0.244
abstract,MZ,0.394
abstract,MZ,0.418
abstract,MZ,0.723
abstract,DZ,0.189
abstract,DZ,0.443
abstract,MZ,0.231
abstract,MZ,0.056
abstract,MZ,0.63
abstract,MZ,0.279
abstract,MZ,0.409
abstract,MZ,0.635
abstract,MZ,0.482
abstract,DZ,0.5
abstract,MZ,0.7
abstract,MZ,0.604
abstract,DZ,0.441
abstract,MZ,0.532
abstract,MZ,0.398
abstract,DZ,0.351
abstract,DZ,0.399
abstract,MZ,0.621
abstract,DZ,0.001
abstract,MZ,0.397
abstract,MZ,0.506
abstract,MZ,0.515
abstract,MZ,0.44
abstract,DZ,0.299
abstract,MZ,0.476
abstract,MZ,0.513
abstract,MZ,0.342
abstract,DZ,0.696
abstract,MZ,0.408
abstract,MZ,0.808
abstract,MZ,0.685
abstract,DZ,0.569
abstract,MZ,0.552
abstract,DZ,0.466
abstract,DZ,0.584
abstract,MZ,-0.023
abstract,DZ,0.31
abstract,DZ,0.553
abstract,MZ,0.419
abstract,DZ,0.438
abstract,MZ,0.652
abstract,MZ,0.657
abstract,MZ,0.574
abstract,DZ,0.203
abstract,MZ,0.313
abstract,MZ,0.584
abstract,DZ,-0.113
abstract,MZ,0.358
abstract,MZ,0.251
abstract,DZ,0.69
abstract,MZ,0.281
abstract,MZ,0.496
abstract,MZ,0.249
abstract,MZ,0.554
abstract,MZ,0.356
abstract,MZ,0.533
abstract,MZ,0.628
abstract,MZ,0.743
abstract,MZ,0.369
abstract,MZ,0.468
abstract,MZ,0.081
abstract,MZ,0.678
abstract,DZ,0.424
abstract,MZ,0.633
abstract,MZ,0.478
abstract,DZ,0.504
abstract,MZ,0.695
abstract,MZ,0.55
abstract,MZ,0.404
abstract,MZ,0.254
abstract,DZ,0.504
abstract,MZ,0.175
abstract,MZ,0.699
abstract,MZ,0.466
abstract,DZ,0.613
abstract,MZ,0.747
abstract,DZ,0.346
abstract,MZ,0.757
abstract,DZ,0.357
abstract,DZ,0.184
abstract,MZ,0.425
abstract,MZ,0.278
abstract,DZ,0.624
abstract,MZ,0.676
abstract,DZ,0.128
abstract,DZ,0.17
abstract,MZ,0.602
abstract,DZ,0.229
abstract,MZ,0.446
abstract,MZ,0.526
abstract,MZ,0.614
abstract,MZ,0.366
abstract,DZ,0.622
abstract,MZ,0.482
abstract,DZ,0.383
abstract,MZ,0.71
abstract,MZ,0.594
abstract,MZ,0.513
abstract,MZ,0.814
abstract,MZ,0.697
abstract,MZ,0.644
abstract,MZ,0.499
abstract,MZ,0.412
abstract,MZ,0.342
abstract,DZ,0.058
abstract,DZ,0.461
abstract,MZ,0.36
abstract,DZ,0.529
abstract,DZ,0.548
abstract,MZ,0.337
abstract,DZ,0.438
abstract,MZ,0.662
abstract,MZ,0.517
abstract,MZ,0.414
abstract,MZ,0.539
abstract,MZ,0.372
abstract,MZ,0.627
abstract,MZ,0.28
abstract,MZ,0.539
abstract,MZ,0.286
abstract,MZ,0.811
abstract,MZ,0.486
abstract,MZ,0.484
abstract,MZ,0.564
abstract,MZ,-0.174
abstract,MZ,0.403
abstract,MZ,0.49
abstract,MZ,0.051
abstract,DZ,0.495
abstract,MZ,0.383
abstract,MZ,0.527
abstract,MZ,0.733
abstract,MZ,0.446
abstract,DZ,0.166
abstract,DZ,0.311
abstract,DZ,0.282
abstract,DZ,0.59
abstract,MZ,0.311
abstract,MZ,0.778
abstract,MZ,0.486
abstract,MZ,0.227
abstract,MZ,0.403
abstract,MZ,0.404
abstract,DZ,0.685
abstract,MZ,0.218
abstract,MZ,0.571
abstract,MZ,0.239
abstract,DZ,0.539
abstract,MZ,0.542
abstract,MZ,0.266
abstract,MZ,0.578
abstract,MZ,0.285
abstract,MZ,0.769
abstract,MZ,0.414
abstract,MZ,0.546
abstract,MZ,0.56
abstract,MZ,0.198
abstract,MZ,0.573
abstract,MZ,0.52
abstract,DZ,0.394
abstract,MZ,0.19
abstract,MZ,0.549
abstract,MZ,0.568
abstract,MZ,0.67
abstract,UR,0.45
abstract,UR,0.318
abstract,UR,0.345
abstract,UR,0.125
abstract,UR,0.528
abstract,UR,0.48
abstract,UR,0.3
abstract,UR,0.118
abstract,UR,0.527
abstract,UR,0.363
abstract,UR,0.463
abstract,UR,0.481
abstract,UR,0.312
abstract,UR,-0.346
abstract,UR,0.503
abstract,UR,0.177
abstract,UR,0.391
abstract,UR,0.231
abstract,UR,0.513
abstract,UR,0.475
abstract,UR,0.299
abstract,UR,0.08
abstract,UR,0.485
abstract,UR,0.166
abstract,UR,0.227
abstract,UR,-0.133
abstract,UR,-0.163
abstract,UR,0.521
abstract,UR,0.25
abstract,UR,0.15
abstract,UR,0.165
abstract,UR,-0.059
abstract,UR,0.236
abstract,UR,0.198
abstract,UR,0.066
abstract,UR,0.492
abstract,UR,0.609
abstract,UR,0.238
abstract,UR,0.145
abstract,UR,0.176
abstract,UR,-0.128
abstract,UR,0.132
abstract,UR,0.274
abstract,UR,0.008
abstract,UR,-0.019
abstract,UR,0.463
abstract,UR,0.119
abstract,UR,0.092
abstract,UR,0.512
abstract,UR,0.387
abstract,UR,0.523
abstract,UR,0.754
abstract,UR,0.715
abstract,UR,0.569
abstract,UR,0.714
abstract,UR,0.626
abstract,UR,0.454
abstract,UR,0.322
abstract,UR,0.422
abstract,UR,0.095
abstract,UR,0.179
abstract,UR,0.385
abstract,UR,0.14
abstract,UR,0.336
abstract,UR,0.222
abstract,UR,0.215
abstract,UR,0.087
abstract,UR,0.205
abstract,UR,0.091
abstract,UR,0.139
abstract,UR,0.012
abstract,UR,0.081
abstract,UR,0.359
abstract,UR,0.539
abstract,UR,0.572
abstract,UR,0.555
abstract,UR,0.286
abstract,UR,0.337
abstract,UR,0.21
abstract,UR,0.345
abstract,UR,-0.019
abstract,UR,0.029
abstract,UR,0.265
abstract,UR,0.349
abstract,UR,0.103
abstract,UR,0.468
abstract,UR,0.46
abstract,UR,0.52
abstract,UR,-0.171
abstract,UR,0.375
abstract,UR,-0.326
abstract,UR,0.034
abstract,UR,0.308
abstract,UR,0.496
abstract,UR,0.553
abstract,UR,0.355
abstract,UR,0.155
abstract,UR,0.328
abstract,UR,0.202
abstract,UR,0.037
abstract,UR,0.272
abstract,UR,-0.052
abstract,UR,0.029
abstract,UR,0.455
abstract,UR,0.443
abstract,UR,0.259
abstract,UR,0.441
abstract,UR,0.069
abstract,UR,0.055
abstract,UR,0.404
abstract,UR,0.478
abstract,UR,0.17
abstract,UR,0.304
abstract,UR,0.608
abstract,UR,-0.002
abstract,UR,0.467
abstract,UR,0.156
abstract,UR,0.372
abstract,UR,-0.141
abstract,UR,0.231
abstract,UR,0.369
abstract,UR,0.312
abstract,UR,0.576
abstract,UR,0.514
abstract,UR,0.475
abstract,UR,0.269
abstract,UR,0.34
abstract,UR,0.101
abstract,UR,0.48
abstract,UR,0.677
abstract,UR,0.474
abstract,UR,0.369
abstract,UR,0.16
abstract,UR,0.115
abstract,UR,0.03
abstract,UR,0.306
abstract,UR,0.468
abstract,UR,0.266
abstract,UR,-0.018
abstract,UR,0.019
abstract,UR,-0.163
abstract,UR,0.063
abstract,UR,0.339
abstract,UR,0.578
abstract,UR,-0.244
abstract,UR,0.656
abstract,UR,0.034
abstract,UR,0.474
abstract,UR,0.247
abstract,UR,0.315
abstract,UR,0.733
abstract,UR,0.668
abstract,UR,0.035
abstract,UR,0.323
abstract,UR,0.287
abstract,UR,-0.162
abstract,UR,0.331
abstract,UR,0.282
abstract,UR,0.351
abstract,UR,0.348
abstract,UR,-0.045
abstract,UR,-0.077
abstract,UR,-0.235
abstract,UR,0.135
abstract,UR,-0.121
abstract,UR,0.095
abstract,UR,0.247
abstract,UR,0.415
abstract,UR,0.154
abstract,UR,0.343
abstract,UR,0.158
abstract,UR,-0.205
abstract,UR,0.113
abstract,UR,0.444
abstract,UR,0.511
abstract,UR,-0.148
abstract,UR,0.598
abstract,UR,0.268
abstract,UR,0.587
abstract,UR,0.613
abstract,UR,0.549
abstract,UR,0.493
abstract,UR,0.336
abstract,UR,0.509
abstract,UR,0.132
abstract,UR,0.093
abstract,UR,0.325
abstract,UR,0.497
abstract,UR,-0.118
abstract,UR,0.389
abstract,UR,0.431
abstract,UR,0.677
abstract,UR,-0.086
abstract,UR,-0.061
abstract,UR,0.592
abstract,UR,0.307
abstract,UR,-0.162
abstract,UR,0.115
abstract,UR,0.257
abstract,UR,0.409
abstract,UR,0.352
abstract,UR,0.142
abstract,UR,0.14
abstract,UR,0.2
abstract,UR,0.04
abstract,UR,0.563
abstract,UR,0.504
abstract,UR,-0.011
abstract,UR,0.396
abstract,UR,0.261
abstract,UR,0.018
abstract,UR,0.345
abstract,UR,0.138
abstract,UR,0.063
abstract,UR,0.459
abstract,UR,0.581
abstract,UR,0.375
abstract,UR,0.281
abstract,UR,0.278
abstract,UR,0.371
abstract,UR,0.267
abstract,UR,0.537
abstract,UR,0.325
abstract,UR,-0.168
abstract,UR,0.423
abstract,UR,0.445
abstract,UR,0.363
abstract,UR,0.595
abstract,UR,0.333
abstract,UR,0.285
abstract,UR,0.46
abstract,UR,0.241
abstract,UR,0.153
abstract,UR,0.139
abstract,UR,0.54
abstract,UR,-0.011
abstract,UR,0.456
abstract,UR,0.24
abstract,UR,0.149
abstract,UR,0.126
abstract,UR,0.215
abstract,UR,0.07
abstract,UR,0.148
abstract,UR,0.138
abstract,UR,0.412
abstract,UR,0.298
abstract,UR,0.293
abstract,UR,0.269
abstract,UR,0.33
abstract,UR,0.069
abstract,UR,-0.354
abstract,UR,0.082
abstract,UR,0.586
abstract,UR,0.271
abstract,UR,0.342
abstract,UR,0.148
abstract,UR,0.545
abstract,UR,0.156
abstract,UR,0.135
abstract,UR,0.094
abstract,UR,0.349
abstract,UR,0.27
abstract,UR,0.091
abstract,UR,0.02
abstract,UR,0.341
abstract,UR,0.413
abstract,UR,0.223
abstract,UR,0.012
abstract,UR,0.258
abstract,UR,-0.232
abstract,UR,0.581
abstract,UR,0.203
abstract,UR,0.145
abstract,UR,0.475
abstract,UR,0.196
abstract,UR,0.545
abstract,UR,0.38
abstract,UR,0.41
abstract,UR,0.469
abstract,UR,0.48
abstract,UR,0.243
abstract,UR,0.068
abstract,UR,-0.017
abstract,UR,0.516
abstract,UR,0.496
abstract,UR,0.457
abstract,UR,0.259
abstract,UR,0.155
abstract,UR,0.259
abstract,UR,-0.01
abstract,UR,0.281
abstract,UR,0.256
abstract,UR,0.298
abstract,UR,0.148
abstract,UR,0.324
abstract,UR,0.255
abstract,UR,0.636
abstract,UR,0.032
abstract,UR,0.462
abstract,UR,0.414
abstract,UR,0.401
abstract,UR,0.35
abstract,UR,0.131
abstract,UR,0.03
abstract,UR,0.177
abstract,UR,0.642
abstract,UR,0.557
abstract,UR,0.374
abstract,UR,0.173
abstract,UR,0.606
abstract,UR,0.15
abstract,UR,0.005
abstract,UR,-0.045
abstract,UR,0.043
abstract,UR,0.572
abstract,UR,0.279
abstract,UR,0.361
abstract,UR,0.162
abstract,UR,0.186
abstract,UR,0.143
abstract,UR,0.428
abstract,UR,-0.07
abstract,UR,-0.107
abstract,UR,0.273
abstract,UR,0.141
abstract,UR,-0.076
abstract,UR,0.319
abstract,UR,0.318
abstract,UR,0.288
abstract,UR,0.237
abstract,UR,0.347
abstract,UR,-0.206
abstract,UR,0.623
abstract,UR,0.055
abstract,UR,-0.121
abstract,UR,-0.149
abstract,UR,0.509
abstract,UR,0.486
abstract,UR,0.25
abstract,UR,0.447
abstract,UR,0.108
abstract,UR,0.028
abstract,UR,0.108
abstract,UR,0.43
abstract,UR,-0.179
abstract,UR,0.22
abstract,UR,0.187
abstract,UR,0.524
abstract,UR,0.034
abstract,UR,0.487
abstract,UR,0.306
abstract,UR,0.341
abstract,UR,0.312
abstract,UR,0.475
abstract,UR,0.602
abstract,UR,0.405
abstract,UR,-0.244
abstract,UR,0.205
abstract,UR,0.357
abstract,UR,0.598
abstract,UR,0.168
abstract,UR,0.155
abstract,UR,0.34
abstract,UR,0.221
abstract,UR,-0.159
abstract,UR,0.166
abstract,UR,0.173
abstract,UR,-0.02
abstract,UR,0.31
abstract,UR,0.07
abstract,UR,0.189
abstract,UR,0.293
abstract,UR,0.577
abstract,UR,0.121
abstract,UR,-0.144
abstract,UR,0.156
abstract,UR,0.616
abstract,UR,0.495
abstract,UR,0.336
abstract,UR,0.348
abstract,UR,0.451
abstract,UR,0.542
abstract,UR,0.23
abstract,UR,0.452
abstract,UR,0.023
abstract,UR,0.252
abstract,UR,0.102
abstract,UR,0.613
abstract,UR,-0.002
abstract,UR,0.49
abstract,UR,0.43
abstract,UR,0.128
abstract,UR,0.608
abstract,UR,0.244
abstract,UR,0.35
abstract,UR,0.534
abstract,UR,0.219
abstract,UR,0.3
abstract,UR,0.526
abstract,UR,0.114
abstract,UR,0.398
abstract,UR,0.314
abstract,UR,0.49
abstract,UR,0.235
abstract,UR,0.082
abstract,UR,0.36
abstract,UR,0.582
abstract,UR,0.578
abstract,UR,0.176
abstract,UR,0.353
abstract,UR,-0.146
abstract,UR,0.453
abstract,UR,0.331
abstract,UR,-0.385
abstract,UR,0.381
abstract,UR,0.147
abstract,UR,0.152
abstract,UR,0.285
abstract,UR,0.305
abstract,UR,-0.146
abstract,UR,0.182
abstract,UR,0.074
abstract,UR,-0.002
abstract,UR,0.199
abstract,UR,0.208
abstract,UR,0.389
abstract,UR,0.129
abstract,UR,0.521
abstract,UR,0.3
abstract,UR,0.572
abstract,UR,0.352
abstract,UR,0.261
abstract,UR,0.148
abstract,UR,-0.171
abstract,UR,0.252
abstract,UR,0.216
abstract,UR,0.216
abstract,UR,0.49
abstract,UR,0.403
abstract,UR,0.516
abstract,UR,0.221
abstract,UR,0.267
abstract,UR,0.235
abstract,UR,0.519
abstract,UR,0.57
abstract,UR,-0.136
abstract,UR,0
abstract,UR,0.233
abstract,UR,0.303
abstract,UR,0.145
abstract,UR,0.386
abstract,UR,-0.032
abstract,UR,0.392
abstract,UR,0.467
abstract,UR,0.16
abstract,UR,0.265
abstract,UR,0.223
abstract,UR,0.446
abstract,UR,0.396
abstract,UR,0.235
abstract,UR,-0.233
abstract,UR,0.383
abstract,UR,0.53
abstract,UR,0.259
abstract,UR,0.273
abstract,UR,0.495
abstract,UR,0.563
abstract,UR,0.389
abstract,UR,0.125
abstract,UR,0.622
abstract,UR,0.609
abstract,UR,-0.098
abstract,UR,0.259
abstract,UR,0.623
abstract,UR,0.288
abstract,UR,0.002
abstract,UR,0.047
abstract,UR,-0.058
abstract,UR,-0.022
abstract,UR,0.457
abstract,UR,0.187
abstract,UR,0.35
abstract,UR,0.472
abstract,UR,0.189
abstract,UR,0.396
abstract,UR,0.299
abstract,UR,0.187
abstract,UR,-0.204
abstract,UR,0.482
abstract,UR,0.1
abstract,UR,0.436
abstract,UR,0.399
abstract,UR,0.128
abstract,UR,0.2
abstract,UR,-0.161
abstract,UR,0.094
abstract,UR,0.22
abstract,UR,0.247
abstract,UR,0.306
abstract,UR,0.293
abstract,UR,0.317
abstract,UR,-0.148
abstract,UR,0.579
abstract,UR,0.299
abstract,UR,0.426
abstract,UR,0.351
abstract,UR,0.455
abstract,UR,0.291
abstract,UR,-0.047
abstract,UR,0.586
abstract,UR,0.557
abstract,UR,0.302
abstract,UR,0.504
abstract,UR,0.078
abstract,UR,0.205
abstract,UR,0.131
abstract,UR,0.234
abstract,UR,-0.059
abstract,UR,0.331
abstract,UR,0.517
abstract,UR,0.462
abstract,UR,0.44
abstract,UR,0.245
abstract,UR,0.051
abstract,UR,0.64
abstract,UR,0.135
abstract,UR,0.23
abstract,UR,0.149
abstract,UR,0.359
abstract,UR,0.479
abstract,UR,0.637
abstract,UR,0.162
abstract,UR,0.238
abstract,UR,0.575
abstract,UR,0.042
abstract,UR,0.292
abstract,UR,0.267
abstract,UR,0.135
abstract,UR,0.125
abstract,UR,0.081
abstract,UR,0.348
abstract,UR,0.511
abstract,UR,0.378
abstract,UR,-0.248
abstract,UR,0.487
abstract,UR,0.519
abstract,UR,0.357
abstract,UR,0.177
abstract,UR,0.109
abstract,UR,0.356
abstract,UR,0.058
abstract,UR,0.149
abstract,UR,0.475
abstract,UR,0.01
abstract,UR,0.18
abstract,UR,0.388
abstract,UR,0.499
abstract,UR,0.243
abstract,UR,0.535
abstract,UR,0.351
abstract,UR,0.336
abstract,UR,0.399
abstract,UR,0.134
abstract,UR,0.699
abstract,UR,-0.032
abstract,UR,0.127
abstract,UR,0.333
abstract,UR,0.162
abstract,UR,0.092
abstract,UR,0.223
abstract,UR,0.183
abstract,UR,0.35
abstract,UR,0.606
abstract,UR,0.097
abstract,UR,-0.06
abstract,UR,0.696
abstract,UR,0.039
abstract,UR,0.594
abstract,UR,0.697
abstract,UR,0.814
abstract,UR,0.271
abstract,UR,-0.029
abstract,UR,0.35
abstract,UR,0.205
abstract,UR,0.251
abstract,UR,-0.006
abstract,UR,-0.01
abstract,UR,0.327
abstract,UR,0.322
abstract,UR,0.199
abstract,UR,0.322
abstract,UR,-0.075
abstract,UR,0.482
abstract,UR,0.174
abstract,UR,-0.055
abstract,UR,0.37
abstract,UR,0.533
abstract,UR,0.427
abstract,UR,0.51
abstract,UR,0.009
abstract,UR,0.608
abstract,UR,0.359
abstract,UR,0.242
abstract,UR,0.577
abstract,UR,0.361
abstract,UR,0.42
abstract,UR,0.304
abstract,UR,0.334
abstract,UR,0.443
abstract,UR,0.162
abstract,UR,0.477
abstract,UR,0.183
abstract,UR,-0.066
abstract,UR,0.229
abstract,UR,0.169
abstract,UR,0.111
abstract,UR,0.264
abstract,UR,0.243
abstract,UR,0.753
abstract,UR,0.466
abstract,UR,0.277
abstract,UR,0.432
abstract,UR,0.54
abstract,UR,-0.159
abstract,UR,0.046
abstract,UR,0.335
abstract,UR,0.169
abstract,UR,0.298
abstract,UR,0.481
abstract,UR,0.457
abstract,UR,0.285
abstract,UR,0.446
abstract,UR,0.105
abstract,UR,0.233
abstract,UR,0.501
abstract,UR,0.15
abstract,UR,0.046
abstract,UR,0.193
abstract,UR,0.536
abstract,UR,0.146
abstract,UR,-0.052
abstract,UR,-0.095
abstract,UR,0.252
abstract,UR,0.642
